Date,Product,Sales,Region,Profit
01-01-2023,Tablet,600.45,North,132.75
01-01-2023,Tablet,291.57,South,30.16
01-01-2023,Laptop,1388.55,East,298.97
01-01-2023,Tablet,784.23,East,96.28
01-01-2023,Monitor,1079.46,West,168.74
01-01-2023,Tablet,576.53,West,137.44
02-01-2023,Monitor,1363.63,South,235.9
02-01-2023,Tablet,158.87,South,38.51
02-01-2023,Laptop,1162.58,West,324.46
02-01-2023,Tablet,888.59,North,126.34
03-01-2023,Keyboard,31.97,Central,11.82
03-01-2023,Tablet,156.03,West,17.03
03-01-2023,Keyboard,50.35,North,11.89
04-01-2023,Mouse,95.31,Central,27.39
04-01-2023,Mouse,26.84,South,5.91
04-01-2023,Monitor,884.19,East,251.95
04-01-2023,Monitor,773.06,East,148.29
04-01-2023,Monitor,840.98,South,175.47
04-01-2023,Keyboard,75.49,South,29.49
04-01-2023,Keyboard,33.16,South,9.87
05-01-2023,Tablet,599.3,West,100.5
05-01-2023,Laptop,1049.84,East,165.38
05-01-2023,Smartphone,305.64,East,66.97
05-01-2023,Laptop,663.17,Central,220.45
05-01-2023,Tablet,406.3,East,103.99
06-01-2023,Smartphone,517.36,West,144.61
06-01-2023,Mouse,56.47,North,17.98
06-01-2023,Laptop,760.62,West,177.63
06-01-2023,Mouse,74.24,West,26.98
06-01-2023,Mouse,54.21,North,11
06-01-2023,Monitor,415.53,South,74.2
06-01-2023,Smartphone,645.11,South,169.03
06-01-2023,Monitor,1375.37,South,208.26
07-01-2023,Monitor,1257.54,Central,386.98
07-01-2023,Smartphone,370.13,East,55.49
07-01-2023,Keyboard,90.83,West,26.62
07-01-2023,Mouse,77.36,West,27.21
07-01-2023,Smartphone,707.81,Central,75.02
08-01-2023,Laptop,571.75,Central,92.32
08-01-2023,Smartphone,713.22,East,95.61
09-01-2023,Monitor,1420.28,West,408.14
09-01-2023,Keyboard,76.35,East,26.34
09-01-2023,Smartphone,808.46,Central,200.26
09-01-2023,Smartphone,788.48,Central,130.07
10-01-2023,Monitor,388.21,West,116.58
10-01-2023,Smartphone,834.72,Central,161.42
10-01-2023,Keyboard,48.45,South,18.92
10-01-2023,Keyboard,59.12,West,21.09
10-01-2023,Monitor,676.26,East,109.26
11-01-2023,Keyboard,40.52,South,15.32
11-01-2023,Smartphone,544.06,West,156.07
12-01-2023,Laptop,503.67,Central,112.39
12-01-2023,Monitor,765.49,Central,134.19
12-01-2023,Laptop,559,North,147.75
12-01-2023,Smartphone,427.12,South,102.7
13-01-2023,Laptop,1239.98,Central,427.68
13-01-2023,Monitor,1185.02,North,212.5
13-01-2023,Tablet,538.44,South,133.21
13-01-2023,Smartphone,897.77,West,113.9
13-01-2023,Smartphone,398.87,East,52.78
13-01-2023,Monitor,1384.22,West,261.53
14-01-2023,Laptop,864.49,West,129.97
14-01-2023,Mouse,99.93,West,28.48
14-01-2023,Laptop,635.18,South,183.71
14-01-2023,Monitor,1306.34,North,378.67
14-01-2023,Tablet,740.27,North,83.68
15-01-2023,Laptop,1184.36,Central,195.84
15-01-2023,Laptop,860.46,East,141.29
15-01-2023,Monitor,798.13,South,230.22
15-01-2023,Tablet,272.49,North,69.69
15-01-2023,Keyboard,39.53,South,15.6
16-01-2023,Keyboard,70.89,East,22.38
17-01-2023,Monitor,980.91,South,325.66
17-01-2023,Laptop,768.95,North,264.59
17-01-2023,Mouse,43.93,North,16.99
18-01-2023,Laptop,1359,North,318.23
18-01-2023,Smartphone,879.04,North,166.69
19-01-2023,Keyboard,22.93,Central,7.66
20-01-2023,Smartphone,502.78,West,121.86
20-01-2023,Laptop,1101.47,North,366.4
20-01-2023,Smartphone,655.51,North,105.67
20-01-2023,Tablet,526.66,Central,118.89
20-01-2023,Mouse,97.21,West,24.75
21-01-2023,Smartphone,481.48,North,52.12
21-01-2023,Tablet,163.26,Central,40.02
21-01-2023,Tablet,414.24,North,119.56
21-01-2023,Smartphone,359.22,South,46.56
21-01-2023,Smartphone,806.57,Central,158.01
22-01-2023,Laptop,1321.58,South,243.12
22-01-2023,Smartphone,616.12,South,83.61
23-01-2023,Monitor,1487.18,North,484.18
23-01-2023,Monitor,606.71,East,115.01
24-01-2023,Laptop,355.38,Central,116.11
24-01-2023,Mouse,68.72,West,14.28
24-01-2023,Tablet,719.55,North,166.65
24-01-2023,Smartphone,379.16,North,41.01
24-01-2023,Keyboard,24.69,Central,6.22
25-01-2023,Smartphone,265.94,West,48.26
25-01-2023,Monitor,1134.4,West,358.84
25-01-2023,Monitor,850.21,West,185.28
25-01-2023,Monitor,1064.73,North,203.42
26-01-2023,Mouse,20.07,South,4.4
26-01-2023,Keyboard,86.11,South,32.13
26-01-2023,Mouse,72.57,Central,21.14
27-01-2023,Smartphone,449.1,West,65.7
27-01-2023,Monitor,743.51,East,184.59
27-01-2023,Tablet,227.85,North,33.24
27-01-2023,Keyboard,61.49,West,12.64
27-01-2023,Mouse,39.15,Central,15.05
27-01-2023,Laptop,1231.21,South,246.41
28-01-2023,Monitor,1277.12,South,229.9
28-01-2023,Tablet,758.1,South,154.75
29-01-2023,Keyboard,69.4,East,24.37
29-01-2023,Tablet,270.93,West,39.11
29-01-2023,Mouse,62.97,West,13.29
30-01-2023,Mouse,56.06,East,22.11
30-01-2023,Monitor,1065.55,North,204.05
30-01-2023,Tablet,830.49,Central,120.47
31-01-2023,Smartphone,408.54,West,120.1
31-01-2023,Monitor,542.39,West,157.52
31-01-2023,Keyboard,59.24,South,13.5
31-01-2023,Mouse,23.78,West,7.88
31-01-2023,Keyboard,80.42,East,30.03
01-02-2023,Keyboard,66.39,East,22.18
01-02-2023,Monitor,1496.99,West,504.76
02-02-2023,Monitor,879.14,North,285.29
02-02-2023,Keyboard,45.89,South,10.46
02-02-2023,Keyboard,85.51,West,23.1
03-02-2023,Monitor,475.47,Central,119.69
03-02-2023,Tablet,360.97,South,63.28
04-02-2023,Laptop,500.32,East,151.8
05-02-2023,Monitor,1139.53,North,317.73
06-02-2023,Monitor,434.55,West,126.1
06-02-2023,Monitor,529.09,South,168.08
06-02-2023,Tablet,280.45,East,72.51
06-02-2023,Smartphone,631.38,West,74.19
06-02-2023,Mouse,77.78,South,17.89
06-02-2023,Laptop,339.29,West,115.53
06-02-2023,Monitor,948.99,West,237.33
07-02-2023,Keyboard,70.33,West,21.02
07-02-2023,Tablet,262.88,South,41.24
08-02-2023,Smartphone,850.95,North,200.55
08-02-2023,Tablet,547.4,East,75.14
09-02-2023,Mouse,76.75,Central,17.96
09-02-2023,Laptop,696.37,North,136.59
09-02-2023,Monitor,715.06,North,120.69
09-02-2023,Laptop,1415.91,Central,424.53
09-02-2023,Mouse,67.32,North,19.93
10-02-2023,Smartphone,617.69,South,164.45
10-02-2023,Monitor,1347.84,West,316.92
10-02-2023,Smartphone,684.55,South,110.74
10-02-2023,Laptop,1217.91,East,195.25
10-02-2023,Monitor,562.39,South,147.07
11-02-2023,Tablet,292.07,East,51.49
11-02-2023,Smartphone,839.28,North,224.76
11-02-2023,Laptop,808.05,West,225.76
11-02-2023,Smartphone,436.86,South,77.09
11-02-2023,Monitor,1125.72,North,176.22
11-02-2023,Smartphone,439.07,North,103.88
12-02-2023,Keyboard,57.88,East,21.84
12-02-2023,Smartphone,804.05,East,178.88
12-02-2023,Mouse,90.79,North,35.96
12-02-2023,Keyboard,28.19,South,9.73
12-02-2023,Laptop,1139.66,East,256.13
12-02-2023,Mouse,79.96,Central,17.98
13-02-2023,Laptop,433.07,East,75.52
13-02-2023,Keyboard,69.03,Central,21.55
13-02-2023,Keyboard,72.28,South,23.39
13-02-2023,Tablet,433.06,Central,68.01
13-02-2023,Laptop,1217.4,South,297.55
13-02-2023,Mouse,84.36,Central,16.92
14-02-2023,Smartphone,620.15,East,171.37
14-02-2023,Keyboard,50.7,West,11.65
14-02-2023,Keyboard,41.88,South,12.85
14-02-2023,Laptop,1411.06,North,444.35
14-02-2023,Keyboard,91.41,East,27.42
14-02-2023,Keyboard,69.48,North,27
14-02-2023,Keyboard,36.2,East,7.77
15-02-2023,Mouse,91.06,South,34.91
15-02-2023,Keyboard,36.11,South,13.07
16-02-2023,Monitor,644.86,North,117.41
16-02-2023,Monitor,1051.93,South,211.98
17-02-2023,Monitor,1053.17,West,172.79
17-02-2023,Laptop,899.52,North,183.42
17-02-2023,Monitor,633.1,Central,149.55
18-02-2023,Laptop,1493.73,South,521.42
18-02-2023,Smartphone,180.18,South,39.71
18-02-2023,Monitor,715.72,East,134.35
19-02-2023,Monitor,1393.95,West,441.92
19-02-2023,Smartphone,370.63,West,59.41
19-02-2023,Smartphone,754.11,East,84.94
19-02-2023,Monitor,536.01,North,93.61
19-02-2023,Mouse,88.26,Central,29.52
19-02-2023,Smartphone,543.51,East,153.35
20-02-2023,Tablet,839.07,South,245.82
20-02-2023,Keyboard,73.23,Central,26.12
20-02-2023,Tablet,220.84,East,31.22
21-02-2023,Monitor,550.04,North,131.72
21-02-2023,Monitor,1079.23,North,376.91
23-02-2023,Keyboard,64.93,South,21.48
23-02-2023,Laptop,423.46,North,135.5
23-02-2023,Monitor,487.09,East,85.94
23-02-2023,Smartphone,163.53,West,20.28
23-02-2023,Monitor,317.04,Central,72.46
23-02-2023,Laptop,1016.24,North,285.6
23-02-2023,Mouse,65.61,West,20.26
24-02-2023,Smartphone,437.83,South,82.6
24-02-2023,Tablet,255.99,North,73.72
24-02-2023,Mouse,64.16,North,20.28
24-02-2023,Mouse,38.79,North,8.86
25-02-2023,Mouse,41.5,West,12.35
25-02-2023,Tablet,585.73,Central,84.89
25-02-2023,Monitor,944.45,Central,283.95
26-02-2023,Monitor,634.06,South,154.28
26-02-2023,Monitor,905.16,East,206.55
26-02-2023,Laptop,1082.95,Central,271.93
26-02-2023,Laptop,1165.86,West,347.94
27-02-2023,Smartphone,419.68,Central,124.07
27-02-2023,Tablet,462.07,Central,98.28
27-02-2023,Monitor,572.01,South,166.88
27-02-2023,Smartphone,472.01,East,73.25
27-02-2023,Smartphone,687.76,South,123.36
27-02-2023,Mouse,44.8,West,12.84
28-02-2023,Laptop,935.06,East,309.6
28-02-2023,Smartphone,417.4,West,42.71
28-02-2023,Keyboard,28.31,Central,6.06
28-02-2023,Tablet,872.03,West,144.77
28-02-2023,Smartphone,722.03,North,73.77
01-03-2023,Laptop,641.64,West,148.58
01-03-2023,Keyboard,89.05,West,18.28
01-03-2023,Tablet,294.89,East,43.21
01-03-2023,Monitor,1332.19,North,348.85
02-03-2023,Mouse,71.83,North,19.31
02-03-2023,Monitor,1405.58,West,411.11
02-03-2023,Laptop,804.12,North,275.17
03-03-2023,Laptop,873.9,East,284.78
03-03-2023,Smartphone,395.86,North,72.22
03-03-2023,Tablet,178.28,North,19.22
03-03-2023,Tablet,612.48,East,78.03
04-03-2023,Mouse,83.95,Central,20.4
05-03-2023,Smartphone,483.35,South,133.08
05-03-2023,Smartphone,206.64,East,34.41
06-03-2023,Keyboard,67.71,South,20.75
06-03-2023,Mouse,45.88,Central,11.46
07-03-2023,Tablet,505.92,East,103.3
07-03-2023,Monitor,379.21,West,126.89
07-03-2023,Mouse,78.6,South,19.16
07-03-2023,Monitor,793.49,East,129.16
07-03-2023,Tablet,465.48,South,102.75
08-03-2023,Laptop,643.5,North,106.32
08-03-2023,Mouse,42.33,South,14.36
08-03-2023,Keyboard,89.19,North,26.72
08-03-2023,Smartphone,214.81,North,42.17
09-03-2023,Mouse,40.1,East,8.66
09-03-2023,Monitor,1125.48,North,383.1
09-03-2023,Mouse,47.27,West,14.06
09-03-2023,Mouse,37.08,South,8.18
10-03-2023,Mouse,29.62,East,8.39
10-03-2023,Mouse,31.15,West,7.17
10-03-2023,Smartphone,197.36,East,24.75
11-03-2023,Keyboard,73,North,21.12
11-03-2023,Smartphone,639.88,East,123.19
12-03-2023,Tablet,719.46,West,83.71
12-03-2023,Tablet,482.25,West,108.15
12-03-2023,Monitor,383.91,North,74.71
12-03-2023,Smartphone,238.13,Central,44.33
12-03-2023,Tablet,719.26,South,215.67
12-03-2023,Mouse,59.84,East,19.46
12-03-2023,Keyboard,35.13,West,11.49
12-03-2023,Monitor,1322.28,Central,395.83
13-03-2023,Monitor,905.57,Central,238.16
13-03-2023,Keyboard,72.93,South,26.83
13-03-2023,Laptop,546.84,North,147.62
13-03-2023,Mouse,65.15,South,20.61
13-03-2023,Tablet,409.89,North,83
14-03-2023,Smartphone,770.76,Central,156.94
14-03-2023,Mouse,57.49,North,19.26
14-03-2023,Mouse,20.61,West,5.48
14-03-2023,Keyboard,65.47,Central,19.84
14-03-2023,Keyboard,76.93,West,27.31
15-03-2023,Mouse,42.7,North,9.98
15-03-2023,Smartphone,769.48,North,111.5
15-03-2023,Tablet,635.94,West,84.1
16-03-2023,Monitor,1129.87,Central,189.58
16-03-2023,Keyboard,33.36,Central,9.81
16-03-2023,Keyboard,21.1,West,6.21
17-03-2023,Keyboard,76.92,South,17.16
17-03-2023,Smartphone,568.62,East,154.77
17-03-2023,Monitor,904.38,East,183.09
17-03-2023,Mouse,44.98,East,16.23
17-03-2023,Laptop,1128.89,Central,242.71
19-03-2023,Keyboard,96.16,South,33.3
19-03-2023,Monitor,939.44,Central,290.36
19-03-2023,Mouse,99.55,East,39.35
19-03-2023,Monitor,465.94,Central,154.19
20-03-2023,Smartphone,892.02,South,126.88
20-03-2023,Keyboard,38.29,East,10.97
20-03-2023,Smartphone,837.76,West,132.98
20-03-2023,Monitor,752.74,North,162.46
20-03-2023,Laptop,1359.54,South,335.76
21-03-2023,Monitor,1397.73,East,339.22
21-03-2023,Monitor,1009.6,South,207.83
21-03-2023,Tablet,455.61,East,113.21
22-03-2023,Laptop,1307.09,West,196.7
22-03-2023,Tablet,239.21,South,31.53
22-03-2023,Monitor,391.49,East,110.76
22-03-2023,Laptop,1398.92,South,334.76
22-03-2023,Monitor,739.11,West,252.75
23-03-2023,Monitor,1091.31,West,295.91
23-03-2023,Tablet,200.64,South,32.09
24-03-2023,Tablet,676.03,East,84.77
24-03-2023,Smartphone,541.64,West,83.7
24-03-2023,Smartphone,205.54,West,42.54
24-03-2023,Tablet,602.52,East,124.54
24-03-2023,Tablet,553.71,East,83.07
25-03-2023,Monitor,1092.71,South,175.67
25-03-2023,Tablet,735.65,Central,108.5
25-03-2023,Laptop,942.91,East,247.73
26-03-2023,Mouse,36.42,Central,12.73
26-03-2023,Keyboard,74.51,West,20.65
26-03-2023,Mouse,55.28,North,15.39
26-03-2023,Mouse,88.02,South,24.51
26-03-2023,Laptop,989.57,East,185.78
26-03-2023,Tablet,570.98,South,124.2
26-03-2023,Smartphone,484.91,West,62.63
27-03-2023,Mouse,90.73,West,19.06
27-03-2023,Monitor,922.98,East,190.22
27-03-2023,Laptop,567.79,North,100.73
27-03-2023,Keyboard,81.63,South,31.31
27-03-2023,Keyboard,77.34,East,30.83
28-03-2023,Mouse,28.53,Central,10.59
28-03-2023,Smartphone,597.8,North,155.88
28-03-2023,Keyboard,80.22,Central,21.04
28-03-2023,Tablet,547.78,South,73.48
28-03-2023,Smartphone,389.99,North,45.27
29-03-2023,Tablet,237.98,Central,70.33
30-03-2023,Smartphone,572.47,South,64.59
30-03-2023,Laptop,944.22,Central,265.3
01-04-2023,Laptop,1289.61,North,243.85
02-04-2023,Laptop,771.53,Central,160.17
02-04-2023,Mouse,68.19,South,17.03
02-04-2023,Smartphone,219.51,Central,59.28
03-04-2023,Tablet,551.01,East,81.46
03-04-2023,Keyboard,49.93,South,15.41
03-04-2023,Monitor,678.45,North,119.65
04-04-2023,Keyboard,66.75,West,24.82
04-04-2023,Smartphone,386.41,North,107.43
04-04-2023,Keyboard,67.07,East,21.22
04-04-2023,Monitor,847.56,Central,230.19
05-04-2023,Mouse,56.34,Central,16.37
05-04-2023,Keyboard,31.95,Central,7.86
05-04-2023,Tablet,851.34,West,201.07
05-04-2023,Laptop,749.26,North,220.14
06-04-2023,Monitor,534.84,South,138.32
06-04-2023,Mouse,26,West,9.39
06-04-2023,Laptop,1182.37,South,300.36
06-04-2023,Laptop,594.21,Central,190.03
07-04-2023,Tablet,646.29,Central,193.81
07-04-2023,Smartphone,482.96,Central,99.85
07-04-2023,Mouse,55.15,West,20.94
08-04-2023,Mouse,56.24,North,14.4
08-04-2023,Monitor,667.22,South,154.97
08-04-2023,Smartphone,552.88,North,143.46
08-04-2023,Keyboard,44.74,North,13.09
09-04-2023,Keyboard,90.49,West,22.06
09-04-2023,Smartphone,591.56,Central,164.59
09-04-2023,Smartphone,840.14,West,243.05
09-04-2023,Keyboard,29.45,Central,10.89
09-04-2023,Laptop,1338.28,West,326.62
09-04-2023,Smartphone,788.22,Central,183.73
09-04-2023,Keyboard,59.23,Central,19.52
09-04-2023,Tablet,667.48,North,179.72
10-04-2023,Keyboard,99.04,West,35.79
10-04-2023,Laptop,456.17,South,105.86
10-04-2023,Monitor,894.65,East,280.33
10-04-2023,Laptop,475.91,South,96.44
10-04-2023,Monitor,321.7,East,55.18
10-04-2023,Keyboard,62.07,North,24.57
10-04-2023,Smartphone,838.07,East,193.17
10-04-2023,Smartphone,496.73,North,76.63
10-04-2023,Tablet,523.01,South,96.97
11-04-2023,Monitor,1398.64,South,238.73
11-04-2023,Monitor,1035.64,Central,356.01
12-04-2023,Laptop,1294.67,South,442.01
12-04-2023,Keyboard,35.38,Central,9.44
12-04-2023,Keyboard,45.9,Central,13.91
12-04-2023,Mouse,96.36,North,38.02
13-04-2023,Smartphone,856.78,South,232.47
14-04-2023,Tablet,412.34,South,48.59
14-04-2023,Keyboard,71.02,West,16.83
15-04-2023,Smartphone,426.52,North,122.72
15-04-2023,Monitor,711.71,West,112.28
15-04-2023,Monitor,1001.17,East,218.69
15-04-2023,Smartphone,448.69,South,96
15-04-2023,Tablet,444.64,East,94.61
16-04-2023,Keyboard,45.53,South,17.23
16-04-2023,Tablet,632.72,East,136.53
16-04-2023,Mouse,96.03,North,31.75
16-04-2023,Smartphone,370.63,West,60.72
16-04-2023,Monitor,872.8,North,300.9
17-04-2023,Smartphone,329.25,West,57.68
17-04-2023,Keyboard,42.65,South,13.26
17-04-2023,Keyboard,26.85,South,7.45
17-04-2023,Monitor,350.04,West,63.66
17-04-2023,Monitor,653.99,West,98.47
17-04-2023,Mouse,22.84,South,7.13
18-04-2023,Monitor,434.74,South,148.06
18-04-2023,Laptop,1438.88,North,474.71
18-04-2023,Smartphone,780.7,East,185.7
18-04-2023,Mouse,67.39,West,26.91
18-04-2023,Keyboard,31.78,East,9.32
19-04-2023,Laptop,725.29,West,198.9
19-04-2023,Laptop,935.82,Central,263.69
19-04-2023,Mouse,73.44,East,18.89
19-04-2023,Tablet,610.73,South,99.34
19-04-2023,Monitor,1497.55,East,229.85
19-04-2023,Monitor,510.34,North,135.63
20-04-2023,Smartphone,199.53,North,56.17
20-04-2023,Monitor,707.9,South,158.59
20-04-2023,Smartphone,410.57,Central,45.67
20-04-2023,Laptop,1482.1,South,432.19
20-04-2023,Keyboard,65.82,South,21.15
21-04-2023,Monitor,1409.92,East,485.89
21-04-2023,Tablet,453.91,South,62.79
21-04-2023,Keyboard,32.66,North,11.53
21-04-2023,Smartphone,230.07,West,44.12
21-04-2023,Monitor,1466.44,South,506.26
22-04-2023,Tablet,245.78,South,63.71
22-04-2023,Laptop,538.42,North,87.43
23-04-2023,Monitor,1476.02,Central,440.67
23-04-2023,Monitor,1123.19,South,246.47
24-04-2023,Mouse,29.11,South,11.06
24-04-2023,Mouse,21.91,Central,4.65
24-04-2023,Mouse,31.77,South,11.51
25-04-2023,Monitor,973.2,East,315
25-04-2023,Laptop,358.25,North,87.77
25-04-2023,Tablet,254.41,Central,52.79
25-04-2023,Monitor,895.86,South,178.63
25-04-2023,Tablet,291.11,North,84.35
26-04-2023,Laptop,1155.73,Central,274.6
26-04-2023,Keyboard,60.34,North,14.53
26-04-2023,Keyboard,96.16,South,33.72
26-04-2023,Monitor,1147.1,East,261.73
27-04-2023,Smartphone,158.45,North,30.52
27-04-2023,Smartphone,403.86,East,78.6
27-04-2023,Mouse,64.83,North,24.58
27-04-2023,Mouse,20.93,Central,5.53
28-04-2023,Monitor,1026.79,East,223.15
28-04-2023,Mouse,30.1,West,8.32
28-04-2023,Keyboard,22.91,East,6.18
28-04-2023,Smartphone,176.85,South,26.66
29-04-2023,Monitor,1210.95,Central,253.95
29-04-2023,Tablet,642.21,North,76
29-04-2023,Laptop,337.35,West,93.19
30-04-2023,Laptop,1340.42,East,363.58
30-04-2023,Keyboard,48.01,East,14.58
30-04-2023,Monitor,954.29,Central,241.42
30-04-2023,Laptop,466.48,East,137.21
01-05-2023,Mouse,28.47,North,6.22
01-05-2023,Keyboard,75.73,West,24.79
01-05-2023,Laptop,309.16,South,105.41
01-05-2023,Smartphone,704.14,Central,191.48
01-05-2023,Monitor,1185.63,North,236.49
02-05-2023,Laptop,758.75,West,126.42
02-05-2023,Keyboard,41.55,Central,14.79
02-05-2023,Keyboard,48.12,North,11.65
02-05-2023,Monitor,1300.79,West,336.61
02-05-2023,Tablet,304.12,East,75.31
02-05-2023,Monitor,599.45,Central,155.51
02-05-2023,Tablet,197.87,South,22.6
02-05-2023,Smartphone,452.41,South,117.27
02-05-2023,Mouse,67.5,West,20.76
03-05-2023,Tablet,385.7,North,75.83
03-05-2023,Smartphone,236.01,South,63.22
04-05-2023,Laptop,417.41,Central,94.76
04-05-2023,Monitor,526.23,North,110.5
04-05-2023,Smartphone,708.5,North,191.34
04-05-2023,Tablet,232.6,Central,68.52
04-05-2023,Tablet,542.08,West,110.78
04-05-2023,Keyboard,72.32,East,16.53
05-05-2023,Tablet,861.74,South,127.12
06-05-2023,Smartphone,329.74,Central,48.48
06-05-2023,Monitor,1431.13,West,241.46
07-05-2023,Mouse,36.54,East,11.85
07-05-2023,Tablet,479.24,Central,135.92
07-05-2023,Tablet,391.11,East,101.98
08-05-2023,Smartphone,588.73,South,150.28
09-05-2023,Monitor,321.74,South,95.28
09-05-2023,Monitor,493.3,North,87.71
09-05-2023,Mouse,65.53,South,15.93
09-05-2023,Laptop,852.68,South,177.58
11-05-2023,Monitor,1207.97,West,308.25
11-05-2023,Monitor,666.53,North,111.02
11-05-2023,Laptop,1201.43,Central,265.26
11-05-2023,Laptop,1489.6,East,285.23
11-05-2023,Keyboard,39.24,West,15.46
12-05-2023,Laptop,1279.23,North,430.81
12-05-2023,Smartphone,559.23,South,157.96
12-05-2023,Laptop,949.69,North,179.07
12-05-2023,Monitor,1199.61,East,185.54
12-05-2023,Monitor,611.36,Central,164.68
12-05-2023,Laptop,821.27,Central,273.2
12-05-2023,Mouse,57.8,Central,14.58
12-05-2023,Mouse,89.37,West,19.15
12-05-2023,Tablet,761.68,West,165.03
13-05-2023,Laptop,927.25,West,210.61
13-05-2023,Tablet,890.15,North,212.32
13-05-2023,Tablet,637.23,Central,182.64
13-05-2023,Monitor,1142.04,East,367.63
13-05-2023,Smartphone,752.73,Central,122.85
13-05-2023,Mouse,23.1,North,7.18
14-05-2023,Laptop,1332.79,South,333.78
14-05-2023,Smartphone,728.28,South,107.31
15-05-2023,Monitor,1394.42,Central,301.1
16-05-2023,Monitor,470.15,Central,93.8
16-05-2023,Laptop,1309.82,North,250.32
17-05-2023,Smartphone,467.9,West,67.52
18-05-2023,Keyboard,44,East,9.73
19-05-2023,Keyboard,69.25,South,14.45
19-05-2023,Smartphone,174.88,East,29.65
20-05-2023,Monitor,722.65,South,170.01
21-05-2023,Keyboard,62.48,West,13.48
21-05-2023,Keyboard,68.4,North,26.86
21-05-2023,Mouse,34.57,Central,11.48
21-05-2023,Keyboard,53.76,South,12.69
21-05-2023,Laptop,950.05,Central,319.92
21-05-2023,Laptop,781.57,East,190.88
21-05-2023,Mouse,53.79,North,16.77
22-05-2023,Monitor,1132.9,East,234.85
22-05-2023,Monitor,1119.08,East,247.29
22-05-2023,Laptop,1293.12,East,348.77
22-05-2023,Tablet,351.46,Central,40.37
23-05-2023,Laptop,722.15,West,250
23-05-2023,Keyboard,77.73,East,22.44
23-05-2023,Mouse,36.24,Central,8.95
23-05-2023,Smartphone,739.26,North,85.1
23-05-2023,Keyboard,75.39,West,28.02
23-05-2023,Monitor,516.65,East,177.57
23-05-2023,Keyboard,76.52,North,28.03
24-05-2023,Laptop,1180.69,South,191.99
24-05-2023,Mouse,25.76,West,9.7
24-05-2023,Smartphone,157.97,West,44.63
24-05-2023,Keyboard,28.22,East,8.49
25-05-2023,Keyboard,69.48,North,22.28
25-05-2023,Laptop,765.18,North,255.44
25-05-2023,Monitor,1098.39,North,279.35
25-05-2023,Laptop,994.58,East,337.99
26-05-2023,Laptop,1017.09,West,232.05
26-05-2023,Keyboard,44.74,South,10.45
26-05-2023,Monitor,369.88,East,79.08
26-05-2023,Keyboard,59.33,Central,15.29
27-05-2023,Mouse,67.62,East,25.21
28-05-2023,Laptop,1381.95,West,325.58
28-05-2023,Smartphone,892.19,West,106.71
28-05-2023,Tablet,801.27,South,143.06
28-05-2023,Keyboard,31.61,West,6.34
29-05-2023,Mouse,93.48,South,24.42
29-05-2023,Tablet,221.13,West,43.01
29-05-2023,Laptop,968.17,South,196.22
30-05-2023,Tablet,229.58,Central,42.73
30-05-2023,Tablet,836.08,South,249.78
30-05-2023,Tablet,862.3,Central,104.34
30-05-2023,Monitor,1120.85,North,377.39
30-05-2023,Keyboard,75.73,West,28.85
01-06-2023,Monitor,800.2,East,177.14
01-06-2023,Monitor,1478.39,South,299.39
02-06-2023,Laptop,369.96,Central,69.55
02-06-2023,Keyboard,49.69,West,12.62
02-06-2023,Monitor,1319.65,Central,274.85
02-06-2023,Keyboard,32.97,West,9.76
03-06-2023,Laptop,672.59,East,107.44
03-06-2023,Smartphone,601.31,Central,155.74
03-06-2023,Monitor,1381.84,South,446.8
03-06-2023,Keyboard,24.51,East,8.72
03-06-2023,Smartphone,808.79,West,174.68
03-06-2023,Smartphone,693.63,East,90.84
03-06-2023,Monitor,683.02,North,155.81
03-06-2023,Keyboard,88.72,South,20.89
04-06-2023,Monitor,357.78,North,67.82
04-06-2023,Laptop,1392.7,West,327.77
04-06-2023,Mouse,31.58,West,12.18
04-06-2023,Monitor,1084.72,West,352.88
04-06-2023,Smartphone,375.61,Central,53.78
04-06-2023,Laptop,1119.03,West,371.33
05-06-2023,Mouse,53.84,West,15.71
05-06-2023,Monitor,1189.16,West,206.63
05-06-2023,Mouse,52.8,Central,19.32
05-06-2023,Keyboard,96.22,South,33.41
06-06-2023,Monitor,1105.73,North,214.18
06-06-2023,Laptop,526.29,North,90.43
06-06-2023,Smartphone,526.77,West,150.07
07-06-2023,Mouse,67.4,East,15.65
08-06-2023,Monitor,800.88,North,122.52
08-06-2023,Laptop,461.78,East,86.89
08-06-2023,Keyboard,83.9,South,30
08-06-2023,Keyboard,42.35,East,16.17
09-06-2023,Tablet,666.83,West,74.29
10-06-2023,Tablet,624.78,West,182.15
10-06-2023,Keyboard,21.14,East,6.74
10-06-2023,Keyboard,21.43,East,6.7
10-06-2023,Tablet,627.26,East,165.25
10-06-2023,Mouse,97.3,West,29.2
10-06-2023,Tablet,235.48,West,51.56
11-06-2023,Monitor,515.48,East,144.02
11-06-2023,Keyboard,35.47,North,11.72
11-06-2023,Mouse,28.71,South,7.7
11-06-2023,Tablet,821.1,North,159.89
11-06-2023,Keyboard,85.05,East,17.57
11-06-2023,Keyboard,42.69,North,13.64
12-06-2023,Monitor,1251.53,South,325.02
12-06-2023,Smartphone,672.1,North,154.98
12-06-2023,Laptop,1257.7,North,310.24
13-06-2023,Keyboard,69.15,East,27.28
13-06-2023,Smartphone,313.06,East,39.21
13-06-2023,Laptop,620.73,Central,216.51
14-06-2023,Mouse,48.75,Central,15.71
14-06-2023,Keyboard,33.93,Central,9.24
14-06-2023,Smartphone,489.43,East,134.63
14-06-2023,Monitor,639.68,East,100.73
14-06-2023,Laptop,929.08,East,179.03
15-06-2023,Smartphone,744.69,South,88.78
15-06-2023,Tablet,623.79,Central,182.32
15-06-2023,Mouse,89.26,North,28.76
15-06-2023,Monitor,531.49,North,92.03
15-06-2023,Smartphone,500.31,West,64.56
16-06-2023,Mouse,36.43,East,8.03
16-06-2023,Monitor,704.59,West,140.55
16-06-2023,Mouse,62.6,North,24.27
17-06-2023,Monitor,1375.16,North,299.37
17-06-2023,Monitor,531.32,West,184.9
17-06-2023,Smartphone,585.05,South,134.58
17-06-2023,Tablet,618.01,North,72.73
18-06-2023,Laptop,965.93,South,267.5
19-06-2023,Monitor,1309.94,South,269.67
19-06-2023,Mouse,27.74,West,10.14
20-06-2023,Laptop,503.24,East,98.97
20-06-2023,Laptop,532.48,North,93.32
20-06-2023,Smartphone,230.35,South,68.44
20-06-2023,Laptop,691.07,Central,112.85
21-06-2023,Laptop,560.14,East,108.17
21-06-2023,Monitor,677.23,East,210.69
22-06-2023,Monitor,893.44,East,218.37
22-06-2023,Keyboard,52.57,West,15.62
22-06-2023,Smartphone,357.32,East,65.49
22-06-2023,Monitor,749.96,West,193.43
23-06-2023,Laptop,1303.71,West,387
23-06-2023,Keyboard,70.16,West,21.28
23-06-2023,Keyboard,69.44,Central,23.97
23-06-2023,Laptop,481.13,East,78.75
23-06-2023,Mouse,28.3,Central,8.45
23-06-2023,Monitor,527.39,East,162.78
23-06-2023,Monitor,1012.09,North,324.68
23-06-2023,Laptop,1463.96,South,336.13
23-06-2023,Smartphone,750.49,South,84.22
24-06-2023,Smartphone,653.85,South,163.86
24-06-2023,Tablet,852.99,South,98.89
24-06-2023,Keyboard,22.74,West,8.17
24-06-2023,Laptop,1298.21,West,207.43
25-06-2023,Smartphone,814.49,North,100.38
25-06-2023,Monitor,375.08,Central,70.35
25-06-2023,Keyboard,57.25,South,13.73
25-06-2023,Smartphone,298.8,West,80.16
25-06-2023,Smartphone,809.97,South,140.76
25-06-2023,Tablet,167.84,South,50.05
26-06-2023,Smartphone,674.76,North,119.63
26-06-2023,Mouse,92.28,Central,26.21
26-06-2023,Keyboard,43.14,Central,8.71
26-06-2023,Keyboard,27.97,East,8.33
27-06-2023,Smartphone,523.44,West,152.69
27-06-2023,Mouse,44.52,East,13.78
27-06-2023,Tablet,157.36,Central,38.07
27-06-2023,Mouse,98.72,North,23.54
27-06-2023,Laptop,339.63,West,55.18
27-06-2023,Smartphone,336.15,South,41.97
27-06-2023,Mouse,62.71,North,14.34
28-06-2023,Keyboard,46.83,Central,12.32
28-06-2023,Mouse,69.6,West,23.75
28-06-2023,Keyboard,90.18,West,35.27
28-06-2023,Laptop,1337.49,Central,461.92
28-06-2023,Keyboard,91.46,North,18.71
28-06-2023,Monitor,596.19,Central,188.08
28-06-2023,Mouse,73.66,West,23.51
28-06-2023,Tablet,865.51,East,160.8
29-06-2023,Monitor,1157.91,East,350.32
29-06-2023,Mouse,36.79,Central,10.01
30-06-2023,Keyboard,68.75,West,20.54
01-07-2023,Keyboard,77.66,North,16.68
01-07-2023,Laptop,620.77,East,109.12
01-07-2023,Keyboard,85.33,North,33.22
01-07-2023,Laptop,1337.46,South,451.12
02-07-2023,Keyboard,27.2,East,9.71
02-07-2023,Smartphone,820.07,West,139.56
02-07-2023,Keyboard,73.7,East,21.44
02-07-2023,Laptop,363.46,North,69.11
02-07-2023,Monitor,1262.93,East,414.11
02-07-2023,Keyboard,42.56,Central,16.2
02-07-2023,Laptop,382.27,South,60.52
02-07-2023,Tablet,171.54,South,27.52
03-07-2023,Laptop,631.17,Central,129.6
03-07-2023,Keyboard,65.53,South,16.12
03-07-2023,Tablet,618.32,West,170.64
03-07-2023,Monitor,369.69,East,57.76
03-07-2023,Laptop,630.84,Central,127.45
04-07-2023,Smartphone,334.02,Central,45.08
04-07-2023,Laptop,1203.5,North,190.56
04-07-2023,Tablet,563.43,West,73.02
04-07-2023,Smartphone,170.11,North,17.09
05-07-2023,Mouse,45.95,North,10.06
05-07-2023,Monitor,1177.01,Central,276.15
05-07-2023,Smartphone,818.84,Central,173.94
05-07-2023,Monitor,465.61,South,91.52
06-07-2023,Laptop,892.95,Central,171.91
06-07-2023,Tablet,578.91,West,151.75
06-07-2023,Mouse,69.98,North,21.7
07-07-2023,Keyboard,61.58,West,23.86
07-07-2023,Monitor,344.49,East,95.98
07-07-2023,Laptop,1397.74,West,484.26
07-07-2023,Tablet,490.88,Central,62.66
07-07-2023,Tablet,301.98,Central,46.29
08-07-2023,Mouse,56.83,North,22.19
08-07-2023,Laptop,1338.69,South,465.3
08-07-2023,Smartphone,289.58,North,79.96
08-07-2023,Monitor,1213.05,East,262.1
08-07-2023,Smartphone,206.48,North,33.7
08-07-2023,Mouse,95.96,West,33.52
09-07-2023,Smartphone,274.2,East,67.9
09-07-2023,Keyboard,71.86,Central,18.71
09-07-2023,Smartphone,626.02,North,79.07
09-07-2023,Monitor,1179.76,East,408.02
10-07-2023,Tablet,445.27,North,68.13
10-07-2023,Tablet,661.29,Central,73.04
10-07-2023,Monitor,721.12,East,205.68
10-07-2023,Monitor,1330.6,East,398.51
10-07-2023,Tablet,679.27,South,82.65
10-07-2023,Keyboard,32.92,West,9.79
11-07-2023,Smartphone,758.93,South,203.94
11-07-2023,Monitor,1181.03,Central,411.83
11-07-2023,Laptop,693.83,East,128.11
11-07-2023,Keyboard,43.75,East,9.64
11-07-2023,Mouse,85.48,North,30.55
11-07-2023,Monitor,953.42,East,236.47
12-07-2023,Monitor,1299.97,East,273.06
12-07-2023,Smartphone,349.48,Central,37.74
13-07-2023,Laptop,455.04,South,126.64
13-07-2023,Laptop,877.53,Central,215.97
13-07-2023,Laptop,402.88,Central,94.9
13-07-2023,Mouse,29.18,West,6.72
13-07-2023,Laptop,1375.07,Central,426.5
13-07-2023,Smartphone,541.96,East,73.91
13-07-2023,Keyboard,54.34,North,21.09
13-07-2023,Tablet,437.75,North,71.7
14-07-2023,Tablet,638.96,West,125.28
14-07-2023,Tablet,782.55,Central,105.12
14-07-2023,Monitor,1114.07,North,255.63
14-07-2023,Tablet,280.23,Central,38.11
15-07-2023,Tablet,171.36,West,29.07
15-07-2023,Smartphone,635.17,East,88.2
15-07-2023,Monitor,456.87,South,119.85
15-07-2023,Mouse,26.55,Central,8.04
16-07-2023,Smartphone,413.87,East,42.93
17-07-2023,Tablet,669.57,South,155.63
17-07-2023,Laptop,376.19,South,61.6
17-07-2023,Laptop,563.39,West,189.31
18-07-2023,Smartphone,455.26,Central,45.54
18-07-2023,Monitor,1212.2,East,195.77
18-07-2023,Smartphone,329.95,East,61.07
19-07-2023,Smartphone,897.43,South,166.52
19-07-2023,Tablet,684.52,North,154.27
19-07-2023,Keyboard,54.92,East,11.4
20-07-2023,Tablet,394.03,Central,54.73
20-07-2023,Monitor,563.21,Central,116.39
20-07-2023,Laptop,323.49,Central,75.52
20-07-2023,Monitor,1123.17,South,326.69
20-07-2023,Laptop,710.35,East,162.32
20-07-2023,Tablet,291.24,South,32.01
21-07-2023,Tablet,854.41,South,215.19
22-07-2023,Smartphone,573.64,East,72.97
22-07-2023,Monitor,1190.36,North,225.52
22-07-2023,Mouse,38.06,Central,12.7
22-07-2023,Monitor,629.35,East,157.47
22-07-2023,Laptop,1248.04,West,387.75
22-07-2023,Tablet,182.18,Central,23.87
22-07-2023,Smartphone,316.83,East,33.85
23-07-2023,Smartphone,686.94,Central,162.31
23-07-2023,Tablet,303.51,North,32.09
23-07-2023,Mouse,44.7,West,16.92
23-07-2023,Laptop,457.48,East,115.71
23-07-2023,Keyboard,99.91,West,25.32
23-07-2023,Laptop,1084.91,North,164
24-07-2023,Mouse,27.67,South,6.59
24-07-2023,Mouse,64.56,North,21.41
24-07-2023,Smartphone,648.06,South,85.56
24-07-2023,Mouse,82.33,North,23.83
24-07-2023,Smartphone,242.89,South,30.25
25-07-2023,Laptop,495.11,South,148.62
25-07-2023,Monitor,1050.83,North,222.04
25-07-2023,Laptop,435.82,North,124.16
25-07-2023,Tablet,168.66,Central,21.29
26-07-2023,Monitor,1420.21,East,454.62
26-07-2023,Tablet,212.04,Central,49.14
26-07-2023,Mouse,62.59,South,23.74
26-07-2023,Mouse,57.01,South,14.24
26-07-2023,Monitor,1396.84,West,461.28
27-07-2023,Tablet,859.22,South,108.31
27-07-2023,Laptop,765.26,North,167.07
27-07-2023,Monitor,1358.59,West,464.06
27-07-2023,Laptop,980.2,East,328.82
27-07-2023,Tablet,716.69,North,203.73
27-07-2023,Laptop,822.89,North,264.28
27-07-2023,Mouse,82.73,South,32.62
27-07-2023,Laptop,1113.1,East,266.67
27-07-2023,Mouse,46.68,East,17.56
27-07-2023,Mouse,55.05,South,17.41
28-07-2023,Tablet,427.32,Central,51.26
28-07-2023,Keyboard,62.51,Central,17.12
28-07-2023,Monitor,702.16,Central,156.51
28-07-2023,Keyboard,30.15,West,6.73
28-07-2023,Laptop,721.18,North,156.98
28-07-2023,Mouse,37.5,West,10.07
29-07-2023,Mouse,98.66,West,30.88
29-07-2023,Tablet,815.62,North,128.3
29-07-2023,Smartphone,676.83,West,163.14
29-07-2023,Mouse,93.04,Central,30.1
29-07-2023,Monitor,1299.95,South,284.19
29-07-2023,Laptop,1136.8,South,240.64
29-07-2023,Laptop,1109.63,North,227.17
30-07-2023,Smartphone,153.74,East,20
30-07-2023,Tablet,849.13,South,208.29
30-07-2023,Laptop,448.79,Central,116.95
31-07-2023,Smartphone,570.95,Central,160.21
31-07-2023,Tablet,724.95,South,132.64
31-07-2023,Mouse,96.64,West,22.5
31-07-2023,Laptop,823.7,North,203.07
31-07-2023,Smartphone,425.7,Central,107.86
31-07-2023,Smartphone,574.38,North,163.58
31-07-2023,Tablet,510.75,West,139.29
31-07-2023,Laptop,1185.46,East,300.13
01-08-2023,Tablet,879.1,North,110.57
01-08-2023,Smartphone,305.91,South,58.51
01-08-2023,Monitor,1139.63,West,267.22
01-08-2023,Monitor,510.86,West,134.84
01-08-2023,Monitor,699.14,West,215.18
02-08-2023,Tablet,321.95,West,60.67
02-08-2023,Keyboard,65.58,East,18.42
03-08-2023,Smartphone,353.19,Central,49.79
03-08-2023,Smartphone,778.29,South,110.08
04-08-2023,Laptop,1401.81,West,468.69
04-08-2023,Monitor,1304.22,North,422.97
04-08-2023,Laptop,344.55,South,103.05
04-08-2023,Keyboard,65.54,North,22.8
04-08-2023,Smartphone,546.7,North,94.45
05-08-2023,Monitor,492.89,Central,122.77
05-08-2023,Keyboard,43.62,East,15.43
05-08-2023,Laptop,1076.05,Central,323.47
05-08-2023,Mouse,28.13,East,6.62
05-08-2023,Tablet,709.17,East,187.22
06-08-2023,Monitor,1185.55,Central,309.23
06-08-2023,Tablet,494.05,Central,145.98
06-08-2023,Mouse,21.64,South,8.25
06-08-2023,Smartphone,662.24,Central,103.61
06-08-2023,Tablet,728.92,South,209.56
07-08-2023,Smartphone,494,West,50.41
07-08-2023,Laptop,1423.75,East,442.19
07-08-2023,Laptop,704.56,West,178.83
07-08-2023,Laptop,670.99,West,167.99
07-08-2023,Keyboard,59.26,South,17.72
07-08-2023,Smartphone,515.88,Central,89.13
08-08-2023,Laptop,395.94,East,106.02
08-08-2023,Monitor,417.21,North,125
08-08-2023,Mouse,48.89,Central,11.03
08-08-2023,Keyboard,21.53,East,6.33
09-08-2023,Smartphone,308.72,South,63.15
09-08-2023,Smartphone,888.79,West,179.28
09-08-2023,Mouse,83.85,Central,19.95
10-08-2023,Keyboard,70.28,Central,20.4
10-08-2023,Tablet,224.26,East,28.55
10-08-2023,Laptop,1361.74,North,454.96
10-08-2023,Tablet,883.62,Central,104.22
10-08-2023,Monitor,660.78,South,100.57
11-08-2023,Laptop,1014.43,Central,153.71
11-08-2023,Monitor,775.23,Central,215.9
11-08-2023,Monitor,1104.74,East,294.92
11-08-2023,Smartphone,545.13,North,57.5
12-08-2023,Laptop,1130.31,West,172
12-08-2023,Keyboard,20.75,Central,4.92
12-08-2023,Mouse,83,South,16.87
12-08-2023,Laptop,1167.03,West,283.88
12-08-2023,Mouse,84.95,Central,18.87
13-08-2023,Keyboard,64.17,East,17.9
13-08-2023,Mouse,25.76,East,7.29
13-08-2023,Mouse,37.09,East,10.51
13-08-2023,Monitor,1022.6,West,244.2
13-08-2023,Tablet,436.86,East,87.08
14-08-2023,Laptop,680.79,Central,126.29
14-08-2023,Smartphone,878.4,Central,254.11
14-08-2023,Smartphone,234.17,South,68.85
15-08-2023,Tablet,703.57,East,167.4
15-08-2023,Tablet,604.66,East,110.6
15-08-2023,Keyboard,77.93,Central,21.89
15-08-2023,Smartphone,787.81,North,227.25
15-08-2023,Mouse,56.41,West,18.28
16-08-2023,Monitor,661.55,West,183.67
16-08-2023,Monitor,488.48,South,163.07
16-08-2023,Laptop,484.37,South,129.54
16-08-2023,Laptop,458.63,West,101.1
17-08-2023,Laptop,943.57,North,198.69
17-08-2023,Keyboard,30.5,Central,11.34
18-08-2023,Tablet,676.17,Central,132.72
18-08-2023,Monitor,812.21,South,209.65
18-08-2023,Mouse,53.44,West,13.37
19-08-2023,Mouse,20.97,West,6.75
19-08-2023,Mouse,70.27,Central,24.16
19-08-2023,Smartphone,784.08,North,81.23
20-08-2023,Mouse,82.01,Central,28.22
20-08-2023,Keyboard,33.77,Central,12.61
20-08-2023,Monitor,1027.59,Central,350.15
20-08-2023,Laptop,1054.83,Central,302.44
21-08-2023,Mouse,89.46,East,32.64
21-08-2023,Tablet,728.18,East,86.19
21-08-2023,Monitor,822.82,North,271.97
21-08-2023,Tablet,824.46,West,180.77
21-08-2023,Smartphone,848.22,Central,155.04
21-08-2023,Laptop,1094.81,Central,295.83
22-08-2023,Laptop,832.4,Central,145.36
22-08-2023,Keyboard,74.96,North,23.01
23-08-2023,Smartphone,855.22,North,224.01
23-08-2023,Keyboard,46.38,South,10.03
24-08-2023,Tablet,826.44,South,227.7
24-08-2023,Mouse,23.16,West,8.64
24-08-2023,Laptop,1431.98,Central,241.09
24-08-2023,Monitor,723.79,North,128.63
24-08-2023,Smartphone,885.49,Central,129.58
24-08-2023,Keyboard,23.8,East,6.01
25-08-2023,Tablet,365.11,Central,48.16
26-08-2023,Monitor,601.97,East,175.12
26-08-2023,Tablet,478.94,Central,118.7
26-08-2023,Laptop,1244.06,West,270.67
26-08-2023,Mouse,47.6,Central,10.46
26-08-2023,Monitor,500.61,West,127.03
26-08-2023,Keyboard,89.26,West,31.71
26-08-2023,Smartphone,427.22,South,118.9
27-08-2023,Monitor,1141.56,West,189.5
27-08-2023,Monitor,315.02,South,66.89
27-08-2023,Laptop,307.96,South,70.07
27-08-2023,Tablet,737.64,South,172.59
27-08-2023,Laptop,1019.57,East,170.58
28-08-2023,Monitor,1404.04,North,296.29
28-08-2023,Keyboard,87.22,South,23.86
28-08-2023,Smartphone,155.63,East,15.93
29-08-2023,Monitor,600.11,North,138.97
29-08-2023,Monitor,1406.45,North,451.96
29-08-2023,Laptop,1040.47,Central,205.59
29-08-2023,Monitor,361.07,East,69.83
29-08-2023,Mouse,77.69,Central,24.72
29-08-2023,Keyboard,46.55,Central,18.59
29-08-2023,Tablet,443.03,North,69.95
29-08-2023,Smartphone,557.04,North,123.07
30-08-2023,Tablet,512.95,East,108.18
30-08-2023,Tablet,588.82,North,85.67
30-08-2023,Tablet,552.99,East,119.56
30-08-2023,Keyboard,48.41,Central,11.92
31-08-2023,Laptop,1045.34,West,311.14
31-08-2023,Mouse,91.83,East,19.01
01-09-2023,Monitor,577.41,North,102.18
01-09-2023,Monitor,1131.42,South,240.03
01-09-2023,Tablet,361.11,West,66.97
01-09-2023,Laptop,924.7,East,225.68
02-09-2023,Mouse,22.81,East,4.7
02-09-2023,Monitor,912.23,West,259.73
02-09-2023,Smartphone,802.85,North,207.19
02-09-2023,Tablet,326.76,North,91.06
02-09-2023,Tablet,618.8,West,127.26
02-09-2023,Tablet,672.11,East,167.21
03-09-2023,Tablet,523.94,East,117.51
03-09-2023,Mouse,64.84,East,17.25
03-09-2023,Monitor,1216.37,North,198.51
04-09-2023,Smartphone,524.12,North,106.72
04-09-2023,Laptop,1227.07,South,302.86
04-09-2023,Tablet,195.12,West,40.6
04-09-2023,Laptop,792.58,North,219.95
05-09-2023,Keyboard,37.89,East,10.9
05-09-2023,Keyboard,22.78,South,6.1
05-09-2023,Tablet,686.26,Central,173.46
05-09-2023,Smartphone,694.11,East,112.83
06-09-2023,Monitor,1297.63,South,353.06
06-09-2023,Laptop,1446.43,Central,231.82
06-09-2023,Monitor,565.14,East,104.19
06-09-2023,Keyboard,26.95,Central,5.99
06-09-2023,Smartphone,418.98,West,101.21
06-09-2023,Mouse,57.11,West,21.77
07-09-2023,Keyboard,57.88,East,13.23
07-09-2023,Mouse,43.66,Central,14.77
07-09-2023,Tablet,771,North,191.15
08-09-2023,Keyboard,56.24,East,19.11
08-09-2023,Keyboard,47.32,Central,15.14
08-09-2023,Monitor,1242.98,Central,381.09
08-09-2023,Keyboard,72.15,Central,14.92
08-09-2023,Laptop,1188.77,East,273.69
08-09-2023,Keyboard,89.72,East,24.79
08-09-2023,Mouse,85.49,Central,19.95
09-09-2023,Monitor,1420.57,Central,320.32
09-09-2023,Tablet,272.98,West,64.24
09-09-2023,Laptop,1303.3,Central,297.13
09-09-2023,Smartphone,521.51,South,54.07
09-09-2023,Keyboard,97.79,North,30.19
09-09-2023,Keyboard,75.92,East,18.26
10-09-2023,Monitor,1130.1,South,390.69
10-09-2023,Tablet,394.71,West,79.37
11-09-2023,Monitor,1437.8,West,416.81
13-09-2023,Mouse,93.09,South,22.04
13-09-2023,Keyboard,67.74,South,21.41
13-09-2023,Smartphone,882.77,East,115.52
13-09-2023,Tablet,500.24,Central,134.39
13-09-2023,Keyboard,66.01,West,16.4
13-09-2023,Mouse,44.65,South,14.98
14-09-2023,Mouse,79,North,18.41
14-09-2023,Laptop,477.37,Central,79.47
14-09-2023,Mouse,98.05,Central,27.7
14-09-2023,Laptop,373.32,East,68
14-09-2023,Laptop,1121.08,East,290.09
15-09-2023,Keyboard,85.22,Central,18.04
16-09-2023,Laptop,802.88,West,245.52
16-09-2023,Smartphone,194.52,West,36.94
17-09-2023,Laptop,1226.36,West,248.92
17-09-2023,Smartphone,244.22,West,53.2
17-09-2023,Monitor,697.73,North,206.54
17-09-2023,Monitor,506.23,South,120.85
17-09-2023,Smartphone,771.28,Central,107.52
17-09-2023,Mouse,25.01,North,6.67
17-09-2023,Tablet,680.37,North,171.65
17-09-2023,Keyboard,23.01,North,8.34
17-09-2023,Keyboard,96.04,West,22.34
18-09-2023,Keyboard,59.32,North,16.47
18-09-2023,Keyboard,52.66,South,16.36
18-09-2023,Mouse,36.03,North,12.29
18-09-2023,Smartphone,807.4,Central,216.71
19-09-2023,Tablet,842.79,South,228.29
19-09-2023,Tablet,222.05,West,46.8
19-09-2023,Laptop,1475.59,West,457.06
20-09-2023,Mouse,68.94,Central,27.22
20-09-2023,Monitor,1228.98,South,216.84
20-09-2023,Tablet,844.7,West,127.98
21-09-2023,Smartphone,702.55,East,91.13
21-09-2023,Laptop,1245.49,West,254.19
21-09-2023,Monitor,1145.52,North,179.97
21-09-2023,Keyboard,82.31,West,27.79
21-09-2023,Smartphone,554.18,West,58.51
22-09-2023,Tablet,820.26,West,99.99
22-09-2023,Smartphone,515.18,West,67.1
22-09-2023,Keyboard,59.22,West,12.88
22-09-2023,Mouse,29.61,South,11.6
23-09-2023,Laptop,400.4,South,100.72
23-09-2023,Monitor,1152.48,West,195.07
24-09-2023,Mouse,47.5,East,10.42
25-09-2023,Monitor,672.02,South,159.51
25-09-2023,Mouse,72.73,Central,27.81
26-09-2023,Keyboard,40.9,Central,11.56
26-09-2023,Monitor,1192.32,Central,373.96
26-09-2023,Keyboard,50.57,North,15.63
26-09-2023,Mouse,65.93,South,25.31
26-09-2023,Laptop,1142.89,North,293.65
26-09-2023,Monitor,1125.28,South,385.78
26-09-2023,Mouse,42.64,East,16.2
27-09-2023,Mouse,59.34,Central,18.75
27-09-2023,Monitor,459.72,East,123.21
27-09-2023,Smartphone,577.1,North,132.47
28-09-2023,Keyboard,43.91,North,14.34
28-09-2023,Monitor,761.28,East,190.31
28-09-2023,Smartphone,355.24,West,36.96
28-09-2023,Laptop,1311.79,West,279.17
28-09-2023,Laptop,1462.6,South,484.32
29-09-2023,Monitor,1459,East,352.31
29-09-2023,Mouse,92.89,West,18.74
29-09-2023,Keyboard,50.01,Central,13.17
29-09-2023,Smartphone,394.19,North,106.95
30-09-2023,Smartphone,159.12,Central,46.66
30-09-2023,Monitor,319.45,East,81.16
30-09-2023,Monitor,1135.1,Central,213.55
30-09-2023,Tablet,895.11,North,155.29
30-09-2023,Keyboard,47.76,Central,19.01
30-09-2023,Tablet,210.85,Central,22.23
30-09-2023,Smartphone,647.7,East,114.01
30-09-2023,Keyboard,78.38,East,20.68
01-10-2023,Laptop,681.49,East,127.35
01-10-2023,Tablet,598.35,Central,154.27
01-10-2023,Tablet,750.56,South,171.63
02-10-2023,Smartphone,668.37,East,137.16
02-10-2023,Smartphone,690.94,East,96.7
02-10-2023,Monitor,1190.7,North,203.77
02-10-2023,Keyboard,36.48,North,12.46
03-10-2023,Mouse,87.71,Central,19.42
03-10-2023,Keyboard,22.56,North,6.13
03-10-2023,Keyboard,97.23,Central,36.58
04-10-2023,Laptop,785.19,West,211.2
04-10-2023,Smartphone,491.64,Central,102.01
04-10-2023,Mouse,50.35,West,11.17
04-10-2023,Smartphone,838.76,West,84.04
04-10-2023,Monitor,1370.61,East,309.23
05-10-2023,Smartphone,864.4,Central,234.8
05-10-2023,Keyboard,55.35,North,20.37
05-10-2023,Smartphone,269.21,West,44.06
06-10-2023,Smartphone,896.77,East,255.72
06-10-2023,Tablet,438.99,North,54.08
06-10-2023,Keyboard,88.79,East,34.08
07-10-2023,Keyboard,37.5,South,8.06
07-10-2023,Laptop,795.16,West,194.24
07-10-2023,Tablet,240.56,West,45.37
07-10-2023,Mouse,80.7,South,28.82
07-10-2023,Monitor,993.97,Central,272.6
07-10-2023,Mouse,36.04,West,10.66
07-10-2023,Laptop,1495.2,West,315.05
07-10-2023,Tablet,767.44,East,161.67
07-10-2023,Keyboard,89.53,North,22.85
08-10-2023,Monitor,1467.38,East,363.59
08-10-2023,Keyboard,27.63,West,8.58
08-10-2023,Mouse,31.19,West,8.86
09-10-2023,Monitor,1266.84,West,384.81
09-10-2023,Mouse,66.92,West,19.72
09-10-2023,Keyboard,62.17,West,14.1
09-10-2023,Mouse,36.34,East,9.31
09-10-2023,Keyboard,97.14,East,23.14
10-10-2023,Tablet,455.92,Central,60.21
11-10-2023,Smartphone,440.39,East,116.71
11-10-2023,Keyboard,98.69,West,23.18
12-10-2023,Mouse,69.09,East,23.03
12-10-2023,Laptop,331.44,North,59.21
12-10-2023,Smartphone,833.49,East,191.46
12-10-2023,Smartphone,392.99,East,58.6
12-10-2023,Mouse,99.57,West,30.72
12-10-2023,Mouse,65.72,East,23.26
13-10-2023,Laptop,1245.77,North,372.3
14-10-2023,Laptop,328.64,West,111.84
14-10-2023,Tablet,300.42,West,87.12
14-10-2023,Laptop,739.75,East,195.24
14-10-2023,Keyboard,27.11,North,7.88
14-10-2023,Mouse,99.05,North,33.35
14-10-2023,Keyboard,63.94,West,13.64
14-10-2023,Laptop,964.82,East,181.53
14-10-2023,Keyboard,25.66,North,9.03
15-10-2023,Keyboard,97.81,East,37.3
15-10-2023,Smartphone,397.44,East,94.55
16-10-2023,Monitor,1398.16,South,232.52
16-10-2023,Laptop,983.95,North,333.35
16-10-2023,Tablet,828.77,Central,154.05
16-10-2023,Smartphone,157.65,South,18.89
16-10-2023,Laptop,1340.56,East,386.59
17-10-2023,Smartphone,379.44,Central,91.79
17-10-2023,Smartphone,200.01,West,23.53
17-10-2023,Mouse,84.74,East,19.31
17-10-2023,Laptop,1199.83,North,357.62
17-10-2023,Mouse,66.74,West,21.62
18-10-2023,Smartphone,487.96,East,109.76
18-10-2023,Tablet,255.3,West,74.63
18-10-2023,Tablet,365.33,East,67.18
18-10-2023,Laptop,542.55,North,130.85
19-10-2023,Keyboard,99.43,South,34.72
19-10-2023,Smartphone,566.51,South,88.25
20-10-2023,Tablet,345.39,South,49.23
20-10-2023,Smartphone,199.93,South,51.99
20-10-2023,Tablet,176.83,West,32.7
21-10-2023,Tablet,874.58,East,187.45
21-10-2023,Tablet,573.67,South,73.63
21-10-2023,Keyboard,36.85,North,12.89
21-10-2023,Tablet,546.28,West,154.39
21-10-2023,Tablet,466.41,West,126.98
22-10-2023,Mouse,90.07,Central,22.61
22-10-2023,Monitor,451.51,East,151.71
23-10-2023,Monitor,988.05,West,217.96
23-10-2023,Keyboard,26.32,North,8.47
23-10-2023,Keyboard,78.25,Central,15.92
24-10-2023,Mouse,73.83,North,25.88
24-10-2023,Monitor,1135.32,North,182.4
24-10-2023,Keyboard,71.43,North,18.59
24-10-2023,Keyboard,55.77,West,20.31
25-10-2023,Laptop,1190.25,Central,353.59
25-10-2023,Mouse,91.87,North,23.74
26-10-2023,Tablet,728.88,Central,158.92
26-10-2023,Smartphone,275.79,East,58.34
26-10-2023,Keyboard,81.46,West,29.68
27-10-2023,Smartphone,468.79,South,75.88
28-10-2023,Keyboard,77.11,North,25.64
28-10-2023,Smartphone,157.67,East,18.73
28-10-2023,Keyboard,95.43,West,23.73
28-10-2023,Smartphone,157.76,North,46.62
29-10-2023,Mouse,97.37,East,27.55
29-10-2023,Tablet,730.78,North,164.81
29-10-2023,Laptop,720.47,South,222.25
29-10-2023,Monitor,463.77,East,131.39
30-10-2023,Keyboard,50.45,North,11.63
30-10-2023,Monitor,1200.93,North,181.51
30-10-2023,Smartphone,557.8,East,115.87
31-10-2023,Laptop,1268.48,South,198.3
31-10-2023,Smartphone,293.39,West,43.09
31-10-2023,Keyboard,62.47,East,23.64
31-10-2023,Smartphone,898.85,East,245.35
31-10-2023,Keyboard,74.88,East,16.88
31-10-2023,Mouse,83.3,South,20.84
01-11-2023,Monitor,730.72,West,231.19
01-11-2023,Laptop,1253.29,East,387.07
01-11-2023,Smartphone,238.23,West,51.59
02-11-2023,Keyboard,27.21,North,8.79
02-11-2023,Mouse,86.3,West,24.63
02-11-2023,Monitor,641.85,North,179.74
02-11-2023,Laptop,1139.9,North,335.37
02-11-2023,Tablet,799.46,Central,104.76
02-11-2023,Mouse,95.39,Central,21.32
03-11-2023,Monitor,862.08,South,212.46
03-11-2023,Tablet,653.9,South,144.4
03-11-2023,Laptop,413.25,North,75.12
03-11-2023,Mouse,71.08,South,23.16
03-11-2023,Monitor,1329.3,North,259.7
03-11-2023,Keyboard,62.31,East,21.56
03-11-2023,Tablet,226.01,Central,29.2
04-11-2023,Laptop,531.83,South,115.11
04-11-2023,Tablet,821.92,Central,206.93
04-11-2023,Mouse,92.7,East,25.93
05-11-2023,Monitor,352.98,East,73.27
05-11-2023,Tablet,364.38,Central,86.37
05-11-2023,Monitor,335.12,West,63.3
05-11-2023,Mouse,86.76,South,25.79
06-11-2023,Smartphone,213.74,East,48.54
06-11-2023,Keyboard,79.62,East,23.84
06-11-2023,Laptop,634.45,East,185.86
06-11-2023,Tablet,668.93,South,137.51
06-11-2023,Laptop,369.47,East,86.06
07-11-2023,Monitor,813.64,West,124.01
07-11-2023,Keyboard,52.72,South,11.42
07-11-2023,Monitor,512.89,West,89.19
07-11-2023,Keyboard,39.51,North,12.38
07-11-2023,Mouse,64.21,Central,25.01
08-11-2023,Tablet,777.59,South,144.68
09-11-2023,Smartphone,723.02,North,215.71
09-11-2023,Mouse,58.25,East,16.19
09-11-2023,Laptop,1303.31,West,412.08
09-11-2023,Laptop,789.35,West,256.5
09-11-2023,Mouse,84.72,North,26.98
09-11-2023,Smartphone,362.99,Central,40.18
09-11-2023,Keyboard,33.41,West,10.96
09-11-2023,Laptop,1279.69,Central,227.23
09-11-2023,Monitor,1302.87,East,280.79
09-11-2023,Smartphone,418.62,Central,122.01
10-11-2023,Tablet,634.84,West,125.73
10-11-2023,Tablet,399.11,West,116.39
10-11-2023,Keyboard,79.08,Central,31.22
10-11-2023,Smartphone,625.38,Central,138.46
10-11-2023,Tablet,725.01,Central,92.96
11-11-2023,Monitor,1232.64,North,207.28
11-11-2023,Keyboard,20.82,Central,7.41
11-11-2023,Monitor,692.44,East,166.95
11-11-2023,Monitor,775.14,Central,255.47
11-11-2023,Tablet,567.86,Central,72.52
12-11-2023,Laptop,1333.41,West,371.36
12-11-2023,Monitor,1285.75,North,259.74
12-11-2023,Smartphone,788.7,North,138.45
13-11-2023,Monitor,475.7,West,120.43
13-11-2023,Laptop,790.61,North,160.54
13-11-2023,Mouse,82.66,South,20.08
13-11-2023,Smartphone,267.89,South,44.68
14-11-2023,Laptop,1252.41,West,402.16
14-11-2023,Mouse,27.99,West,10.39
14-11-2023,Mouse,42.06,North,16.46
14-11-2023,Tablet,286.33,East,35.65
14-11-2023,Smartphone,409.69,North,57.51
15-11-2023,Monitor,728.09,South,148.04
15-11-2023,Monitor,501.1,West,133.22
15-11-2023,Tablet,571.62,South,118.45
15-11-2023,Monitor,515.47,South,165.41
15-11-2023,Mouse,43.64,West,12.3
15-11-2023,Monitor,648.79,South,149.65
15-11-2023,Laptop,601.03,South,153.95
15-11-2023,Monitor,1265.08,West,266.2
16-11-2023,Keyboard,58.6,North,19.37
16-11-2023,Monitor,546.9,West,123.49
16-11-2023,Monitor,949.03,South,160.23
16-11-2023,Mouse,52.17,North,10.48
16-11-2023,Tablet,812.36,North,141.09
16-11-2023,Mouse,57.22,North,19.31
16-11-2023,Monitor,791.64,West,135.93
17-11-2023,Keyboard,93.18,East,21.86
17-11-2023,Smartphone,293.94,West,47.26
18-11-2023,Smartphone,262.08,Central,72.09
18-11-2023,Keyboard,88.84,Central,18.82
18-11-2023,Keyboard,70.96,North,27.63
18-11-2023,Mouse,83.49,Central,27.59
19-11-2023,Laptop,1135.56,Central,286.8
19-11-2023,Laptop,1175.81,East,384.92
19-11-2023,Tablet,267.36,West,38.9
20-11-2023,Smartphone,416.11,East,57.07
20-11-2023,Laptop,1199.89,East,211.66
20-11-2023,Laptop,1123.7,South,255.13
21-11-2023,Keyboard,38.86,East,12.73
21-11-2023,Smartphone,416.98,North,89.28
21-11-2023,Smartphone,322.53,East,52.23
21-11-2023,Monitor,644.86,West,202.39
22-11-2023,Mouse,87.97,Central,21.13
22-11-2023,Tablet,308.82,West,77.81
22-11-2023,Mouse,34.08,Central,9.9
22-11-2023,Monitor,1046.11,West,174.57
22-11-2023,Tablet,556.28,West,84.98
22-11-2023,Tablet,461.41,West,74.09
23-11-2023,Smartphone,801.27,South,208.2
23-11-2023,Smartphone,257.3,West,36.59
23-11-2023,Mouse,83.79,East,22.12
23-11-2023,Keyboard,73.74,Central,20.53
24-11-2023,Mouse,29.47,West,9.7
24-11-2023,Smartphone,227.81,North,41.09
24-11-2023,Tablet,459.67,South,136.56
24-11-2023,Monitor,1096.15,West,178.97
25-11-2023,Laptop,879.55,South,156.54
25-11-2023,Smartphone,638.65,West,75.26
25-11-2023,Tablet,514.53,East,102.17
26-11-2023,Laptop,929.84,East,215.16
26-11-2023,Smartphone,218.4,North,32.92
26-11-2023,Smartphone,800.22,North,219.49
27-11-2023,Monitor,461.48,South,125.52
27-11-2023,Mouse,26.84,East,10.41
27-11-2023,Tablet,877.47,West,240.76
27-11-2023,Tablet,877.53,West,140.88
27-11-2023,Smartphone,645.7,South,174.7
28-11-2023,Laptop,741.32,North,201.41
28-11-2023,Laptop,662.09,West,163.2
28-11-2023,Monitor,1058.3,Central,195.55
28-11-2023,Keyboard,67.6,South,23.77
28-11-2023,Keyboard,28.66,West,6.42
28-11-2023,Tablet,729.31,North,208.48
29-11-2023,Mouse,59.6,Central,19.09
29-11-2023,Monitor,1121.51,North,318.32
29-11-2023,Smartphone,630.43,East,80.66
29-11-2023,Tablet,446.92,North,113.25
29-11-2023,Laptop,1303.64,West,256.16
29-11-2023,Monitor,313.1,Central,100.76
29-11-2023,Tablet,703.82,South,179.52
29-11-2023,Monitor,1292.68,East,289.82
30-11-2023,Mouse,70.17,North,27.4
30-11-2023,Smartphone,559.82,Central,111.83
30-11-2023,Mouse,36.87,South,8.98
30-11-2023,Laptop,707.26,West,118.21
30-11-2023,Tablet,606.84,North,150.14
30-11-2023,Smartphone,232.45,West,41.75
01-12-2023,Tablet,304.92,East,48.17
01-12-2023,Keyboard,91.84,North,29.46
01-12-2023,Smartphone,245.87,South,56.52
01-12-2023,Tablet,206.42,South,56.6
02-12-2023,Mouse,25.46,Central,6.58
02-12-2023,Monitor,385.32,North,118.38
02-12-2023,Mouse,99.4,West,38.26
02-12-2023,Mouse,27.02,West,7.19
02-12-2023,Smartphone,753.22,North,141.66
02-12-2023,Laptop,1300.14,East,298.24
03-12-2023,Laptop,1439.51,North,451.88
03-12-2023,Laptop,611.49,Central,139.83
03-12-2023,Mouse,44.6,West,9.17
04-12-2023,Laptop,700.88,South,205.36
04-12-2023,Mouse,98.75,South,25.02
04-12-2023,Mouse,32.06,Central,8.28
04-12-2023,Keyboard,25.43,East,6.57
05-12-2023,Smartphone,208.47,Central,26.78
05-12-2023,Smartphone,348.78,East,83.32
05-12-2023,Laptop,1490.25,North,280.12
06-12-2023,Keyboard,45.41,East,13.33
06-12-2023,Mouse,30.74,Central,9.06
07-12-2023,Laptop,649.88,East,139.26
07-12-2023,Laptop,1166.21,Central,316.41
07-12-2023,Smartphone,239.14,East,42.04
07-12-2023,Keyboard,79.04,North,27.87
08-12-2023,Mouse,25.78,Central,9.95
08-12-2023,Tablet,576.24,East,112.27
09-12-2023,Mouse,89.05,East,18.45
09-12-2023,Mouse,98.53,Central,32.22
09-12-2023,Monitor,982.29,East,272.29
09-12-2023,Tablet,209.83,North,35.74
09-12-2023,Tablet,371.06,North,105.27
09-12-2023,Smartphone,486.83,North,50.14
10-12-2023,Smartphone,237.6,West,27.54
10-12-2023,Tablet,296.7,South,88.58
11-12-2023,Keyboard,91.62,South,23.09
11-12-2023,Laptop,622.22,Central,135.12
11-12-2023,Tablet,538.98,South,123.11
11-12-2023,Smartphone,178.03,North,32.07
12-12-2023,Smartphone,700.88,North,162.19
12-12-2023,Laptop,891.15,West,139.87
12-12-2023,Tablet,280.41,Central,30.94
13-12-2023,Tablet,574.65,West,150.04
14-12-2023,Mouse,44.17,East,14.81
14-12-2023,Tablet,415.68,North,118.07
14-12-2023,Tablet,295.81,South,72.47
15-12-2023,Monitor,469.51,West,129.65
15-12-2023,Smartphone,300.83,Central,36.47
15-12-2023,Tablet,332.77,South,91.44
15-12-2023,Monitor,523.15,East,149.06
15-12-2023,Tablet,564.42,North,119.94
15-12-2023,Smartphone,807.53,West,107.42
15-12-2023,Laptop,367.65,East,68.65
16-12-2023,Monitor,497.01,South,94.1
16-12-2023,Keyboard,25.57,East,8.76
16-12-2023,Tablet,370.92,South,44.11
17-12-2023,Mouse,26.53,North,9.38
17-12-2023,Tablet,800.91,North,122.8
17-12-2023,Tablet,546.87,Central,105.49
17-12-2023,Keyboard,25.94,North,9.24
17-12-2023,Smartphone,279.43,West,51.24
18-12-2023,Tablet,600.16,North,131.83
18-12-2023,Smartphone,402.77,Central,80.8
18-12-2023,Laptop,1181.31,West,304.48
18-12-2023,Laptop,1027.77,North,216.13
18-12-2023,Tablet,825.24,Central,165.94
18-12-2023,Tablet,389.54,East,104.81
18-12-2023,Monitor,1017.66,North,314.84
18-12-2023,Smartphone,694.13,West,92.99
19-12-2023,Keyboard,49.87,South,11.47
19-12-2023,Monitor,1314.52,East,457.85
19-12-2023,Monitor,1495.53,Central,339.18
19-12-2023,Mouse,94.78,Central,37.29
19-12-2023,Smartphone,728.82,Central,151.84
20-12-2023,Tablet,660.71,Central,75.31
20-12-2023,Smartphone,848.02,West,116.92
20-12-2023,Keyboard,65.3,Central,14.36
20-12-2023,Keyboard,92.96,North,24.35
21-12-2023,Monitor,1247.03,South,235.19
21-12-2023,Mouse,88.44,West,31
21-12-2023,Tablet,645.8,Central,94.35
21-12-2023,Keyboard,86.27,North,21.09
21-12-2023,Tablet,626.33,South,187.49
21-12-2023,Tablet,298.25,North,50.74
21-12-2023,Monitor,300.62,Central,90.31
21-12-2023,Keyboard,40.44,North,14.95
22-12-2023,Monitor,1450.39,North,291.16
22-12-2023,Mouse,96.94,North,23.54
22-12-2023,Keyboard,28.01,North,9.36
22-12-2023,Laptop,1026.72,West,185.84
22-12-2023,Monitor,1287.94,West,219.98
22-12-2023,Smartphone,290.46,East,74.04
23-12-2023,Mouse,93.79,North,23.62
23-12-2023,Monitor,1276.46,Central,230.92
23-12-2023,Mouse,30.45,West,11.52
23-12-2023,Keyboard,44.54,East,9.94
23-12-2023,Smartphone,776.55,South,104.38
23-12-2023,Smartphone,804.03,East,185.52
23-12-2023,Smartphone,879.27,East,213.41
25-12-2023,Laptop,348.06,West,74.85
25-12-2023,Keyboard,78.54,North,28.2
26-12-2023,Monitor,671.77,North,193.04
26-12-2023,Keyboard,60.62,West,23.97
26-12-2023,Mouse,61.99,South,16.25
26-12-2023,Smartphone,285.16,South,78.08
26-12-2023,Laptop,441.05,South,70.92
26-12-2023,Keyboard,29.01,West,10.19
26-12-2023,Mouse,64.09,East,21.39
27-12-2023,Mouse,42.8,South,16.7
27-12-2023,Laptop,1414.04,South,408.63
27-12-2023,Keyboard,50.28,South,17.49
27-12-2023,Mouse,69.78,Central,18.96
28-12-2023,Smartphone,634.9,East,170.3
28-12-2023,Laptop,982.51,West,231.49
28-12-2023,Smartphone,294.71,West,51.45
28-12-2023,Tablet,848.76,South,107.73
29-12-2023,Tablet,544.79,Central,69.37
29-12-2023,Laptop,1326.43,Central,411.54
30-12-2023,Mouse,48.99,South,14
30-12-2023,Keyboard,60.79,Central,20.76
30-12-2023,Tablet,598.31,Central,62.81
30-12-2023,Keyboard,50.47,North,20.03
30-12-2023,Keyboard,74.32,South,18.86
30-12-2023,Mouse,74.53,East,21.54
30-12-2023,Mouse,54.1,East,20.85
30-12-2023,Tablet,252.85,South,51.17
30-12-2023,Mouse,76.47,Central,16.23
30-12-2023,Smartphone,703.72,North,126.27
31-12-2023,Smartphone,844.16,West,181.16
31-12-2023,Mouse,43.9,East,13.19
31-12-2023,Tablet,680.76,West,177.75
31-12-2023,Mouse,85.34,North,18.64
31-12-2023,Keyboard,37.25,West,11.97
31-12-2023,Smartphone,809.93,Central,215.59
31-12-2023,Tablet,817.44,West,110.05
31-12-2023,Tablet,635.02,West,184.48
31-12-2023,Tablet,863.04,South,136.59
01-01-2024,Laptop,865.73,South,189.46
01-01-2024,Mouse,25.31,Central,9.54
01-01-2024,Tablet,195.2,Central,25.67
02-01-2024,Smartphone,390.06,South,105.75
03-01-2024,Laptop,581.46,Central,165.27
03-01-2024,Smartphone,510.35,South,142.98
03-01-2024,Tablet,487.54,Central,104.12
03-01-2024,Monitor,1498.16,West,320.59
03-01-2024,Tablet,291.78,South,45.59
04-01-2024,Mouse,45.6,South,13.42
04-01-2024,Smartphone,260.33,North,50.2
05-01-2024,Monitor,1342.45,South,239.71
05-01-2024,Keyboard,91.47,North,23.01
05-01-2024,Mouse,21.96,East,7.07
05-01-2024,Smartphone,571.87,East,64.81
05-01-2024,Keyboard,78.35,South,17.38
06-01-2024,Tablet,603.29,West,107.5
06-01-2024,Mouse,80.43,East,29.18
06-01-2024,Keyboard,58.23,East,20.67
08-01-2024,Keyboard,24.03,South,5.82
08-01-2024,Laptop,1425.59,West,429.26
08-01-2024,Keyboard,38.76,Central,12.92
08-01-2024,Monitor,1088.84,South,321.23
09-01-2024,Mouse,69.17,Central,22.84
09-01-2024,Keyboard,89.08,South,29.48
09-01-2024,Smartphone,541.69,South,114.01
10-01-2024,Monitor,438.68,Central,110.64
10-01-2024,Mouse,40.71,East,13.42
11-01-2024,Laptop,489.5,North,121.92
11-01-2024,Smartphone,601.17,East,163.3
11-01-2024,Tablet,694.02,Central,147.51
11-01-2024,Mouse,59.73,South,14.38
11-01-2024,Smartphone,283.26,East,40.22
12-01-2024,Tablet,292.99,West,85.09
13-01-2024,Tablet,662.35,West,195.6
13-01-2024,Tablet,848.83,East,158.08
13-01-2024,Tablet,474.32,South,111.72
13-01-2024,Mouse,89.11,North,25.74
13-01-2024,Smartphone,342.39,East,86.25
14-01-2024,Mouse,47.33,South,16.42
14-01-2024,Mouse,92.04,West,29.72
14-01-2024,Laptop,780.19,West,159.28
14-01-2024,Mouse,53.85,South,11.98
14-01-2024,Monitor,1456.75,West,482.07
15-01-2024,Tablet,344.27,South,74.26
15-01-2024,Mouse,63.69,East,22.05
15-01-2024,Smartphone,364.1,Central,102.31
15-01-2024,Smartphone,390.08,Central,74.69
15-01-2024,Monitor,982.32,South,330.46
15-01-2024,Mouse,48.93,South,16.6
15-01-2024,Tablet,639.47,East,173.93
16-01-2024,Monitor,794.5,Central,186.18
16-01-2024,Keyboard,42.65,North,16.22
16-01-2024,Tablet,281.71,Central,57.25
16-01-2024,Laptop,1036.57,Central,318.86
16-01-2024,Mouse,57.92,South,22.47
16-01-2024,Mouse,34.24,South,11.2
16-01-2024,Mouse,42.93,West,11.7
17-01-2024,Tablet,596.99,Central,67.81
17-01-2024,Tablet,392.7,South,76.32
17-01-2024,Tablet,609.97,West,83.1
17-01-2024,Tablet,636.4,North,82.99
17-01-2024,Laptop,361.92,South,98.86
18-01-2024,Keyboard,28.5,South,8.92
18-01-2024,Tablet,748.4,South,170.22
19-01-2024,Mouse,44.51,East,12.68
19-01-2024,Mouse,47.74,West,9.87
19-01-2024,Monitor,329.85,North,109.07
19-01-2024,Tablet,224.36,South,64.58
20-01-2024,Smartphone,576.72,North,125.6
20-01-2024,Tablet,625.27,Central,133.55
21-01-2024,Tablet,228.8,Central,35.09
21-01-2024,Monitor,1100.08,East,334.68
21-01-2024,Monitor,351.22,West,61.91
21-01-2024,Keyboard,96.04,South,38.38
21-01-2024,Laptop,508.04,South,78.95
21-01-2024,Laptop,1102.58,Central,266.75
22-01-2024,Mouse,92.74,West,28.79
22-01-2024,Keyboard,36.09,Central,10.12
22-01-2024,Tablet,620.52,East,186.14
23-01-2024,Monitor,1435.46,West,253.25
24-01-2024,Monitor,1480.05,Central,339.49
24-01-2024,Tablet,590.88,West,84.5
24-01-2024,Monitor,1030.04,West,268.31
24-01-2024,Laptop,754.74,West,193.6
24-01-2024,Monitor,733.26,North,200.62
24-01-2024,Smartphone,829.43,North,103.33
25-01-2024,Smartphone,243.36,South,70.24
25-01-2024,Monitor,748.43,North,137.16
25-01-2024,Keyboard,20.13,Central,5.08
25-01-2024,Laptop,429.09,North,72.56
26-01-2024,Tablet,617.96,East,76.43
26-01-2024,Tablet,560.63,North,163.2
26-01-2024,Mouse,28.14,Central,7.94
26-01-2024,Tablet,796.19,North,185.8
26-01-2024,Tablet,513.28,East,67.1
27-01-2024,Laptop,1171.95,Central,335.05
27-01-2024,Keyboard,93.21,Central,33.51
27-01-2024,Laptop,891.97,East,264.94
27-01-2024,Smartphone,441.68,South,44.3
27-01-2024,Keyboard,80.51,Central,28.47
27-01-2024,Mouse,51,West,12.8
27-01-2024,Mouse,56.05,North,13.67
28-01-2024,Tablet,198.63,Central,33.84
28-01-2024,Laptop,1317.07,West,357.85
28-01-2024,Laptop,1021.93,West,267.6
28-01-2024,Laptop,1153.48,West,366.91
29-01-2024,Mouse,89.35,Central,21.83
29-01-2024,Laptop,701.68,West,167.77
29-01-2024,Tablet,728.62,Central,215.89
30-01-2024,Mouse,59.93,North,15.67
31-01-2024,Smartphone,195.24,Central,35.67
31-01-2024,Tablet,682.12,South,140.93
31-01-2024,Keyboard,82.12,North,31.48
31-01-2024,Mouse,71.73,South,19.53
31-01-2024,Laptop,1284.15,West,220.54
01-02-2024,Mouse,69.84,South,23.86
01-02-2024,Smartphone,618.38,East,96.63
01-02-2024,Monitor,653.93,West,133.36
02-02-2024,Mouse,29.87,East,7.94
02-02-2024,Mouse,20.04,North,5.34
03-02-2024,Laptop,1367.63,South,246.64
03-02-2024,Tablet,781.47,East,138.15
03-02-2024,Mouse,57.59,North,18.02
03-02-2024,Mouse,92.97,West,24.69
03-02-2024,Mouse,44.83,Central,12.81
03-02-2024,Tablet,510.4,North,120.75
04-02-2024,Mouse,73.6,South,24.64
04-02-2024,Laptop,1293.45,North,383.59
04-02-2024,Tablet,865.41,Central,234.17
05-02-2024,Tablet,533.64,North,149.5
05-02-2024,Monitor,864.76,North,188.11
05-02-2024,Monitor,362.13,West,114.3
06-02-2024,Monitor,1346.25,East,422.72
06-02-2024,Monitor,1360.51,North,237.65
06-02-2024,Monitor,597.26,North,154.49
06-02-2024,Smartphone,286,South,37.84
06-02-2024,Keyboard,57.95,Central,20.42
07-02-2024,Laptop,1477.6,East,508.43
07-02-2024,Smartphone,398.55,South,50
08-02-2024,Smartphone,768.56,East,95.66
08-02-2024,Laptop,311.01,East,87.87
08-02-2024,Monitor,813.83,West,262.55
09-02-2024,Laptop,539.51,East,87.04
09-02-2024,Monitor,606.23,West,198.99
09-02-2024,Laptop,446.85,West,135.02
09-02-2024,Monitor,831,East,205.75
10-02-2024,Monitor,305.67,Central,82.32
10-02-2024,Laptop,1315.86,East,384.12
10-02-2024,Keyboard,87.95,Central,27.84
11-02-2024,Tablet,518.23,North,146.62
11-02-2024,Smartphone,648.34,West,128.6
11-02-2024,Laptop,499.64,South,104.58
11-02-2024,Monitor,1316.24,West,327.38
12-02-2024,Smartphone,331.92,East,40.23
12-02-2024,Smartphone,267.74,East,37.55
12-02-2024,Keyboard,30.14,East,8.76
13-02-2024,Mouse,23.64,East,6.22
13-02-2024,Smartphone,449.08,West,87.23
13-02-2024,Keyboard,24.79,West,8.23
13-02-2024,Tablet,386.11,North,56.72
13-02-2024,Tablet,215.68,West,49.5
14-02-2024,Smartphone,662.21,South,136.3
14-02-2024,Tablet,681,East,119.32
14-02-2024,Mouse,92.7,West,23.1
15-02-2024,Tablet,766.42,North,84.12
15-02-2024,Laptop,1037.27,West,229.5
15-02-2024,Tablet,672.73,North,90.5
15-02-2024,Tablet,857.44,North,252.56
15-02-2024,Monitor,780.04,South,186.86
16-02-2024,Laptop,538,West,86.63
16-02-2024,Mouse,59.94,East,13.22
16-02-2024,Tablet,697.81,South,159.58
16-02-2024,Keyboard,51.22,Central,16.39
17-02-2024,Monitor,1293.79,West,358.47
17-02-2024,Tablet,527.45,West,112.79
17-02-2024,Monitor,722.08,Central,115.41
17-02-2024,Laptop,756,West,204.5
18-02-2024,Monitor,1466.49,Central,507.44
18-02-2024,Mouse,33.41,North,9
18-02-2024,Laptop,321.18,West,91.41
19-02-2024,Mouse,54.72,Central,19.81
19-02-2024,Smartphone,793.93,North,127.81
20-02-2024,Smartphone,373.81,North,47.34
20-02-2024,Tablet,250.46,Central,59.47
20-02-2024,Mouse,48.87,East,12.05
20-02-2024,Mouse,68.98,South,27.21
20-02-2024,Monitor,589.69,South,97
20-02-2024,Laptop,716.02,East,169.81
20-02-2024,Mouse,39.01,South,8.61
21-02-2024,Smartphone,754.99,East,168.13
21-02-2024,Monitor,517.34,West,151.89
22-02-2024,Mouse,36.3,Central,10.11
22-02-2024,Tablet,272.9,Central,74.87
22-02-2024,Smartphone,740.28,Central,166.19
23-02-2024,Monitor,941.25,West,213.86
23-02-2024,Smartphone,777.79,South,170.78
23-02-2024,Mouse,71.09,South,21.29
23-02-2024,Monitor,750.07,West,160.75
23-02-2024,Keyboard,45.28,East,14.3
24-02-2024,Tablet,557.55,Central,56.03
24-02-2024,Monitor,1407.65,West,223.4
24-02-2024,Laptop,557.73,West,116.86
24-02-2024,Keyboard,73.39,East,16.81
24-02-2024,Laptop,307.33,South,55.42
24-02-2024,Laptop,1459.19,West,501.04
24-02-2024,Mouse,89.95,North,28.66
25-02-2024,Laptop,906.49,Central,257.14
25-02-2024,Monitor,972.47,South,311.79
25-02-2024,Mouse,70.97,South,24.87
25-02-2024,Monitor,1192.33,Central,204.74
25-02-2024,Monitor,1039.53,Central,252.36
26-02-2024,Keyboard,75.14,South,23.97
26-02-2024,Monitor,434.7,North,84.49
27-02-2024,Monitor,316.06,West,82.1
27-02-2024,Mouse,53.02,West,17.42
28-02-2024,Tablet,552.79,South,117.25
28-02-2024,Tablet,785.23,West,209.28
29-02-2024,Tablet,322.11,South,50.41
29-02-2024,Laptop,670.52,South,223.7
29-02-2024,Keyboard,34.93,Central,11
29-02-2024,Smartphone,688.39,North,109.36
29-02-2024,Smartphone,735.38,South,138.42
01-03-2024,Mouse,80.02,North,27.09
01-03-2024,Laptop,765.82,South,238.93
01-03-2024,Smartphone,496.38,East,124.95
01-03-2024,Smartphone,176.68,North,47.34
01-03-2024,Keyboard,34.28,Central,13.33
01-03-2024,Keyboard,69.47,North,19.94
01-03-2024,Laptop,435.89,North,83
01-03-2024,Smartphone,441.98,North,104.27
02-03-2024,Monitor,1158.86,North,249.56
02-03-2024,Mouse,52.55,Central,16.28
02-03-2024,Tablet,453.18,Central,134.53
02-03-2024,Smartphone,756.96,North,125.35
03-03-2024,Laptop,758.54,South,165.61
03-03-2024,Laptop,1206.72,South,416.65
03-03-2024,Tablet,726.43,West,197.92
03-03-2024,Mouse,57.46,South,13.26
04-03-2024,Mouse,61.37,Central,20.65
04-03-2024,Keyboard,20.44,North,7.61
04-03-2024,Keyboard,51.3,West,14.39
04-03-2024,Monitor,891.11,Central,304.17
05-03-2024,Laptop,478.24,South,83.95
05-03-2024,Tablet,261.14,Central,42.08
05-03-2024,Monitor,824,West,180.09
06-03-2024,Smartphone,565.9,Central,81.07
06-03-2024,Smartphone,217.44,North,33.25
06-03-2024,Tablet,341.13,South,38.06
06-03-2024,Laptop,1257.06,Central,240.42
06-03-2024,Keyboard,38.02,Central,13.04
07-03-2024,Tablet,805.57,East,82.9
07-03-2024,Smartphone,445.24,North,130.14
07-03-2024,Smartphone,306.23,West,39.45
07-03-2024,Keyboard,35.42,West,13.11
08-03-2024,Monitor,1135.55,South,309.58
08-03-2024,Laptop,349.42,West,60.18
08-03-2024,Tablet,215.46,North,45.95
08-03-2024,Keyboard,33.14,Central,8.33
08-03-2024,Keyboard,85.94,South,29.43
09-03-2024,Smartphone,293.1,South,34.09
09-03-2024,Smartphone,842.58,North,165.35
10-03-2024,Tablet,455.34,Central,111.09
10-03-2024,Laptop,1351.42,South,305.82
10-03-2024,Tablet,857.91,East,114.28
12-03-2024,Laptop,708.1,North,227.48
12-03-2024,Smartphone,215.67,East,31.63
12-03-2024,Tablet,162.46,West,18.11
12-03-2024,Smartphone,699.8,West,183.56
12-03-2024,Monitor,666.68,South,197.36
12-03-2024,Monitor,1148.99,South,322.88
12-03-2024,Tablet,203.49,South,33.16
12-03-2024,Smartphone,469.76,South,66.83
13-03-2024,Keyboard,22.33,North,5.25
13-03-2024,Keyboard,92.4,South,28.66
14-03-2024,Laptop,773.16,North,206.15
14-03-2024,Tablet,375.9,West,84.26
15-03-2024,Laptop,848.56,North,157.29
15-03-2024,Laptop,639.96,West,222.99
15-03-2024,Tablet,161.43,West,43.22
15-03-2024,Mouse,28.16,South,8.69
15-03-2024,Mouse,89.53,North,19.03
15-03-2024,Keyboard,32.23,Central,12.11
16-03-2024,Mouse,52.43,Central,18.11
16-03-2024,Keyboard,42.76,Central,12.2
17-03-2024,Keyboard,69.04,East,20.38
17-03-2024,Laptop,785.94,East,140.13
17-03-2024,Keyboard,26.71,Central,8.83
18-03-2024,Laptop,451.25,East,148.02
18-03-2024,Mouse,45.18,West,13.48
19-03-2024,Mouse,87.02,Central,22.25
20-03-2024,Laptop,471.24,South,144.38
20-03-2024,Laptop,567.75,South,196.28
20-03-2024,Smartphone,707.96,West,197.07
20-03-2024,Laptop,367.26,West,111.55
20-03-2024,Keyboard,65.82,North,16.86
21-03-2024,Monitor,1274.25,South,243.5
21-03-2024,Monitor,1429.73,North,480.77
21-03-2024,Laptop,1272,South,389.85
21-03-2024,Mouse,33.74,North,10.1
21-03-2024,Laptop,756.83,South,218.22
21-03-2024,Tablet,438.49,West,69.36
21-03-2024,Monitor,852.07,North,135.06
21-03-2024,Keyboard,52.4,North,12.29
21-03-2024,Laptop,575.73,South,162.76
21-03-2024,Tablet,247.04,West,61.58
22-03-2024,Monitor,932.98,Central,186.32
22-03-2024,Keyboard,48.56,East,15.85
22-03-2024,Monitor,746.46,East,141.74
22-03-2024,Keyboard,57.94,Central,22.45
23-03-2024,Laptop,1293.46,West,268.55
23-03-2024,Monitor,1113.28,East,268.64
24-03-2024,Smartphone,676.93,West,194.25
24-03-2024,Keyboard,80.36,South,27.75
24-03-2024,Mouse,82.99,South,26.86
24-03-2024,Smartphone,362.42,Central,83.92
25-03-2024,Laptop,654.02,West,165.61
25-03-2024,Smartphone,259.45,Central,44.86
25-03-2024,Monitor,448.26,North,94.61
25-03-2024,Smartphone,393.25,South,92.14
25-03-2024,Mouse,60.41,North,21.83
27-03-2024,Laptop,1380.06,East,356.8
28-03-2024,Smartphone,354.12,East,55.91
28-03-2024,Monitor,766,Central,214.29
28-03-2024,Keyboard,53.76,North,12
28-03-2024,Laptop,300.54,West,72.5
28-03-2024,Monitor,446.46,South,83.33
28-03-2024,Keyboard,33.77,South,12.03
28-03-2024,Smartphone,606.98,South,71.86
28-03-2024,Tablet,448.46,South,95.67
28-03-2024,Monitor,1327.46,West,281.14
28-03-2024,Smartphone,760.54,North,161.69
29-03-2024,Keyboard,42.17,West,14.92
29-03-2024,Laptop,359.71,East,60.93
29-03-2024,Laptop,449.08,Central,92.41
30-03-2024,Monitor,838.55,South,244.93
30-03-2024,Keyboard,48.08,South,12.65
30-03-2024,Monitor,1027.51,South,296.62
30-03-2024,Keyboard,86.05,Central,29.88
31-03-2024,Keyboard,54.72,East,12.25
31-03-2024,Monitor,778.64,North,204.82
31-03-2024,Laptop,906.01,East,144.71
31-03-2024,Keyboard,42.48,Central,15.74
01-04-2024,Mouse,98.51,South,30
01-04-2024,Keyboard,86.1,South,18.71
01-04-2024,Keyboard,49.13,North,10.27
01-04-2024,Laptop,844.99,West,216.22
01-04-2024,Monitor,1356.86,West,353.55
01-04-2024,Mouse,63.86,West,24.79
02-04-2024,Monitor,471.81,North,83.8
02-04-2024,Keyboard,73.83,East,18.11
02-04-2024,Tablet,629.44,Central,97.23
02-04-2024,Smartphone,650.38,West,76.2
02-04-2024,Tablet,386.24,North,93.55
03-04-2024,Laptop,1346.91,North,418.98
03-04-2024,Smartphone,767.68,Central,83.68
03-04-2024,Mouse,81.71,Central,30.95
03-04-2024,Laptop,1452.8,North,234.19
04-04-2024,Keyboard,70.73,East,16.2
04-04-2024,Monitor,1076.51,North,344.51
04-04-2024,Smartphone,673.32,East,155.71
04-04-2024,Smartphone,552.32,Central,113.96
04-04-2024,Smartphone,838.41,South,142.8
05-04-2024,Laptop,920.8,North,279.11
05-04-2024,Mouse,82.62,West,23.95
07-04-2024,Tablet,660.43,Central,151.64
07-04-2024,Keyboard,93.64,North,34.55
08-04-2024,Mouse,57.53,West,16.52
08-04-2024,Mouse,72.1,West,19.24
08-04-2024,Smartphone,348.64,Central,88.07
08-04-2024,Tablet,326.36,West,53.75
09-04-2024,Mouse,29.65,Central,10.62
09-04-2024,Smartphone,415.29,West,52.42
09-04-2024,Smartphone,501.29,South,54.08
10-04-2024,Smartphone,792.24,Central,221.45
10-04-2024,Keyboard,85.45,East,20.9
10-04-2024,Laptop,982.13,Central,287.8
11-04-2024,Keyboard,20.57,Central,6.36
11-04-2024,Mouse,35.04,East,12.89
11-04-2024,Monitor,1190.69,West,208.5
11-04-2024,Smartphone,175.44,North,42.74
11-04-2024,Mouse,57.54,East,16.49
11-04-2024,Mouse,48.29,South,15.73
12-04-2024,Smartphone,680.8,North,125.99
12-04-2024,Monitor,1198.19,South,222.23
13-04-2024,Monitor,948.31,North,296.69
13-04-2024,Smartphone,518,West,102.05
13-04-2024,Tablet,677.98,Central,152.02
13-04-2024,Mouse,59.13,West,12.29
13-04-2024,Tablet,517.94,East,106.2
13-04-2024,Tablet,712.23,West,97.32
13-04-2024,Mouse,42.95,East,9.53
13-04-2024,Mouse,77.9,Central,31.06
14-04-2024,Laptop,575.36,Central,162.5
14-04-2024,Monitor,1398.69,East,279.2
14-04-2024,Monitor,1054.21,Central,351.85
14-04-2024,Monitor,1268.99,West,192.69
14-04-2024,Laptop,1434.23,North,436.43
14-04-2024,Smartphone,438.23,South,72.15
14-04-2024,Monitor,734.14,North,213.33
14-04-2024,Tablet,604.65,Central,153.3
14-04-2024,Tablet,511.42,East,89.33
15-04-2024,Mouse,22.04,East,8.55
15-04-2024,Smartphone,791.44,North,224.44
15-04-2024,Smartphone,511.98,South,132.24
16-04-2024,Tablet,811.41,West,206.92
16-04-2024,Laptop,458.68,Central,96.68
16-04-2024,Tablet,203.05,West,55.43
16-04-2024,Tablet,264.08,Central,43.25
17-04-2024,Smartphone,269.45,South,74.5
17-04-2024,Tablet,415.32,North,87.53
17-04-2024,Smartphone,409.98,East,54.72
17-04-2024,Mouse,60.38,South,23.27
17-04-2024,Laptop,1189.58,North,262.35
18-04-2024,Keyboard,41.77,East,11.6
18-04-2024,Laptop,1435.47,East,306.3
18-04-2024,Laptop,1261.47,North,312.48
19-04-2024,Smartphone,214.87,West,22.85
19-04-2024,Laptop,434.45,Central,76.85
19-04-2024,Keyboard,26.35,Central,9.66
20-04-2024,Tablet,845.47,West,234.9
20-04-2024,Smartphone,794.92,South,195.98
20-04-2024,Keyboard,34.23,East,8.12
20-04-2024,Monitor,1032.02,West,259.19
20-04-2024,Monitor,778.39,Central,244.36
20-04-2024,Smartphone,639.63,Central,174.06
21-04-2024,Tablet,655.35,South,127.58
21-04-2024,Tablet,644.6,West,118.23
21-04-2024,Laptop,779.49,North,253.51
21-04-2024,Mouse,57.12,North,19.18
21-04-2024,Laptop,988.65,East,294.55
22-04-2024,Laptop,1415.57,North,254.24
22-04-2024,Monitor,575.88,North,105.69
22-04-2024,Laptop,674.42,South,191.53
23-04-2024,Monitor,802.07,East,151.93
23-04-2024,Tablet,193.26,East,57.01
23-04-2024,Monitor,509.11,Central,171.23
24-04-2024,Laptop,1221.22,South,332.69
24-04-2024,Laptop,1428.21,East,325.26
24-04-2024,Keyboard,29.38,North,10.06
25-04-2024,Keyboard,59.45,South,17.65
25-04-2024,Keyboard,57.81,West,22.78
25-04-2024,Tablet,312.02,South,89.49
25-04-2024,Monitor,1166.06,West,239.4
26-04-2024,Monitor,505.87,East,159.3
26-04-2024,Smartphone,198.11,North,23.51
26-04-2024,Smartphone,660.71,North,180.8
26-04-2024,Laptop,1205.29,North,233.41
27-04-2024,Monitor,1147.36,West,296.5
27-04-2024,Mouse,80.55,West,18.29
27-04-2024,Laptop,1277.8,West,292.99
28-04-2024,Tablet,536.58,Central,59.29
28-04-2024,Keyboard,56.91,South,19.6
28-04-2024,Tablet,761.98,East,96.2
28-04-2024,Keyboard,68.42,Central,22.98
29-04-2024,Mouse,63.99,Central,16.6
30-04-2024,Laptop,503.39,East,106.38
30-04-2024,Monitor,720.77,North,129.8
30-04-2024,Tablet,767.77,North,183.19
30-04-2024,Mouse,40.71,West,8.78
30-04-2024,Tablet,388.45,West,71.07
01-05-2024,Mouse,86.61,Central,22.43
01-05-2024,Laptop,1379.71,East,340.09
01-05-2024,Mouse,56.39,North,18.16
02-05-2024,Laptop,1369.97,North,317.33
02-05-2024,Laptop,1075.8,North,190.1
02-05-2024,Laptop,645.28,West,193.54
02-05-2024,Keyboard,22.48,North,5.23
02-05-2024,Mouse,36.41,West,13.51
03-05-2024,Monitor,1134.81,South,270.53
03-05-2024,Laptop,497.46,South,131.92
03-05-2024,Monitor,371.65,North,106.93
03-05-2024,Tablet,696.58,Central,79.53
03-05-2024,Smartphone,177.11,South,34.97
04-05-2024,Smartphone,197.45,South,37.18
04-05-2024,Mouse,54.24,East,13.76
04-05-2024,Keyboard,40.32,East,15.27
04-05-2024,Monitor,937.15,Central,261.89
04-05-2024,Monitor,1185.31,South,365.63
05-05-2024,Laptop,741.31,West,120.92
05-05-2024,Smartphone,484.94,South,131.35
05-05-2024,Keyboard,64.41,North,22.84
05-05-2024,Tablet,163.43,South,18.38
05-05-2024,Mouse,83.7,Central,28.51
05-05-2024,Tablet,573,East,147.81
06-05-2024,Monitor,1320.82,North,407.77
06-05-2024,Laptop,446.24,Central,94.47
06-05-2024,Tablet,649.86,East,150.57
07-05-2024,Keyboard,50.65,East,10.75
07-05-2024,Monitor,1205.82,West,398.13
07-05-2024,Keyboard,60.2,West,14.82
08-05-2024,Laptop,701.84,West,167.92
08-05-2024,Mouse,38.25,South,13.59
08-05-2024,Laptop,993.73,South,297.1
08-05-2024,Tablet,636.67,East,157.99
08-05-2024,Tablet,813.29,West,240.86
08-05-2024,Monitor,403.84,West,128.95
08-05-2024,Keyboard,59.81,East,13.23
08-05-2024,Keyboard,92.26,Central,19.4
09-05-2024,Smartphone,218.21,West,59.06
09-05-2024,Tablet,219.17,East,49.56
10-05-2024,Laptop,1013.03,South,310.96
10-05-2024,Tablet,164.98,West,43.23
10-05-2024,Laptop,978.85,East,156.54
10-05-2024,Smartphone,589.66,South,106.16
10-05-2024,Laptop,1304.97,East,292.64
11-05-2024,Mouse,37.5,West,9.83
11-05-2024,Laptop,619.8,Central,201.03
11-05-2024,Monitor,441.49,North,106.04
11-05-2024,Tablet,581.12,West,109.33
12-05-2024,Smartphone,660.99,Central,193.81
12-05-2024,Keyboard,81.33,Central,18.73
12-05-2024,Mouse,36.13,Central,11.46
12-05-2024,Mouse,62.43,West,22.77
13-05-2024,Smartphone,160.6,North,24.76
13-05-2024,Monitor,374.58,West,81.09
13-05-2024,Mouse,38.15,West,14.45
13-05-2024,Tablet,577.04,West,70.24
13-05-2024,Smartphone,841,South,129.26
13-05-2024,Monitor,1022.3,Central,297.84
14-05-2024,Keyboard,61.11,East,14.22
14-05-2024,Smartphone,165.59,South,46.68
14-05-2024,Smartphone,192.88,North,55.46
